Positive Masculine words,Vanilla pm,Bolu pm,Wino pm,Wino + Bolu pm,Negative Masculine words,Vanilla nm,Bolu nm,Wino nm,Wino + Bolu nm,Neutral Masculine words,Vanilla neutm,Bolu neutm,Wino neutm,Wino + Bolu neutm,Positive Feminine words,Vanilla pf,Bolu pf,Wino pf,Wino + Bolu pf,Negative Feminine words,Vanilla nf,Bolu nf,Wino nf,Wino + Bolu nf,Neutral Feminine words,Vanilla neutf,Bolu neutf,Wino neutf,Wino + Bolu neutf
supreme,0.039087698,8.988228841766421e-10,0.002328381,2.6751564990989962e-09,unjust,0.0033851415,6.4144163036683466e-09,0.0061650425,4.154836460990019e-09,german,0.023064349,1.9254801086887596e-09,0.017585874,7.209394747853537e-10,pretty,0.14230902,4.809969020302951e-09,0.044113398,3.391881997494295e-09,ugly,0.0041070953,7.1866595591218996e-09,0.00012382492,6.343564611099861e-09,british,NaN,NaN,NaN,NaN
faithful,0.025173012,3.735081362254977e-09,0.009342166,3.8661378057303075e-09,brutal,0.012897626,6.148354741997153e-09,0.03069675,4.856981067336008e-09,swiss,NaN,NaN,NaN,NaN,lovely,0.23058592,1.775305252804671e-08,0.06292345,7.868367943308918e-09,unmarried,0.042958803,4.147782825536517e-09,0.0068488,1.275625303304162e-08,first,0.0022286177,4.106913864543316e-09,0.011231333,1.6664984087144674e-08
responsible,0.025371365,6.747834620929316e-09,0.004257139,1.2192017024431623e-08,weak,0.057903875,8.321638440833556e-09,0.021865882,1.8185255801217437e-09,persian,NaN,NaN,NaN,NaN,grand,0.078096926,4.398812744610403e-09,0.03930276,5.286210642829747e-09,weird,0.06695044,4.681105501488925e-09,0.004184015,1.4611156062827035e-08,fair,0.12733509,6.619602088697718e-09,0.07847048,2.728549977973338e-09
loyal,0.037589774,3.6007075376875974e-09,0.005209159,1.897140410045406e-09,impotent,0.018432193,4.136181785963089e-09,0.0028776522,7.460605404296938e-09,lithuanian,NaN,NaN,NaN,NaN,fair,0.12733509,6.619602088697718e-09,0.07847048,2.728549977973338e-09,notorious,0.08394989,3.90245802860123e-09,0.04817821,1.1087902943018868e-08,virgin,0.07680452,1.3596701597951011e-08,0.050235763,4.290737375643727e-09
gallant,0.12562525,5.685599796523277e-09,0.023244452,1.17676659250332e-08,impatient,0.017606229,6.46388634284456e-09,0.005922094,3.730487072028943e-09,negro,0.11506581,1.0318302295919679e-08,0.011972949,2.794788067639331e-09,beautiful,0.22908036,3.4580174640419514e-08,0.07020965,3.7211311167822947e-09,widowed,0.122540355,6.493042312150088e-09,0.014010325,4.859364299836244e-11,maiden,0.16570191,0.13424641906092916,0.06335028,0.05090657340371679
mighty,0.09359609,7.131270712834592e-10,0.018699264,7.609351392046104e-09,rebellious,0.002509281,1.1592099641299924e-09,0.015586163,4.945660096733473e-09,maternal,0.16588011,0.19060262663667948,0.042610757,0.10965061525176636,stately,0.030003518,9.259518249371546e-09,0.017518688,1.5174388801053595e-08,distressed,0.08447238,5.19217260852578e-09,0.004963644,7.084881029073564e-09,burlesque,0.0039421916,1.3183038827246918e-09,0.0051900893,1.8413520708193687e-10
powerful,0.08476314,2.9429308989747938e-09,0.02923581,3.009008431309468e-09,stupid,0.012874231,1.2234585573811518e-08,0.011604775,1.684318916977956e-09,feudal,0.019284904,1.3421149747117056e-09,0.011589631,9.157007957449892e-09,chaste,0.103605196,1.4823877195202506e-08,0.0011853501,1.1748623282570314e-08,haughty,0.048065186,4.086530808189437e-09,0.0002655238,2.1819837325853797e-09,colonial,0.0012245234,1.145314083850213e-08,0.002510827,1.2098069757798813e-08
adventurous,0.041510925,5.501995171963703e-09,0.017559186,5.809919489951909e-10,petty,0.026268251,9.461871577909342e-09,0.010506049,3.1093059498638054e-09,feudatory,NaN,NaN,NaN,NaN,attractive,0.030380918,8.502924226262004e-10,0.00046691578,1.1044510457233758e-08,fickle,0.0194421,1.1646232996216643e-08,0.007967234,5.0673952534108224e-09,widowed,0.122540355,6.493042312150088e-09,0.014010325,4.859364299836244e-11
worthy,0.053422727,6.348227195654421e-09,0.018216968,1.6846553985150337e-08,evil,0.04817427,1.4280271409816692e-11,0.002462402,1.929542123302319e-08,latin,0.047028515,6.027063660651866e-09,0.029694367,5.921065263092551e-09,charming,0.17963111,3.121403679973156e-08,0.042268522,1.322958731453383e-08,sullen,0.018767923,1.7091606435704065e-08,0.030328527,7.479386304742874e-09,beautiful,0.22908036,3.4580174640419514e-08,0.07020965,3.7211311167822947e-09
grand,0.078096926,4.398812744610403e-09,0.03930276,5.286210642829747e-09,violent,0.021187589,2.0048273569051034e-08,0.03482437,2.78577960699522e-09,sikh,NaN,NaN,NaN,NaN,romantic,0.10397968,1.472869183560821e-08,0.035439037,1.733725550623344e-08,artificial,0.008076869,7.619233105549128e-09,0.027987279,1.4003867440659512e-08,russian,NaN,NaN,NaN,NaN
brave,0.062053163,9.576068785155378e-09,0.01962573,8.379157350607569e-11,bad,0.050359003,2.189348693656945e-09,0.018030478,2.2089878190523216e-09,financial,0.08360311,4.247427576320462e-09,0.0113261435,4.643476707311134e-09,enchanted,0.04774088,8.224543129875528e-10,0.02204471,3.1204051356703566e-09,undercover,NaN,NaN,NaN,NaN,ptolemaic,NaN,NaN,NaN,NaN
honorable,0.072553344,4.189186428305014e-10,0.009792954,5.6270616707876364e-09,feudal,0.019284904,1.3421149747117056e-09,0.011589631,9.157007957449892e-09,national,0.104978584,7.958073686142875e-09,0.0041545257,4.602318621690915e-09,cute,0.0362487,8.640991255859376e-09,0.014190428,5.563992114265837e-09,suspected,0.011841804,1.0605685690778799e-08,0.005074933,5.7064571123977e-09,oriental,0.0063930433,5.349451354975943e-09,0.0043239486,7.84563335826105e-09
promising,0.025563668,4.8768669727583536e-09,0.013141993,1.4790807623815683e-09,worthless,0.0408605,3.0943457240972805e-09,0.02242376,1.3291183466324075e-09,dumb,0.017905153,3.5468672859861883e-09,0.011779903,3.422735697297674e-09,courtly,0.028177239,4.6071179510276394e-09,0.014109887,8.821691432903123e-09,tragic,0.0705508,1.6746860675986852e-08,0.01973413,4.852094476204272e-09,female,0.03742291,0.20633313853061278,0.02967076,0.07357609582835492
prosperous,0.06780652,2.8767806697460423e-09,0.0033617844,9.016122459737375e-09,reckless,0.038006432,2.8492324020967796e-09,0.026810974,1.9197696765616e-09,confederate,0.056225598,9.508169356020613e-09,0.042743817,1.163262120310038e-08,kindly,0.041080162,1.3429658718422388e-08,0.014894873,2.2034861713038367e-09,pretty,0.14230902,4.809969020302951e-09,0.044113398,3.391881997494295e-09,byzantine,NaN,NaN,NaN,NaN
rational,0.027792037,3.342422713603632e-09,0.0017705653,4.128847222450993e-09,incompetent,0.05586966,4.924384941484838e-09,0.008281799,5.516611863501386e-09,bavarian,NaN,NaN,NaN,NaN,sentimental,0.043351717,7.104252464085192e-09,0.028459538,5.997085047310113e-09,angry,0.02698803,3.4936668419360828e-09,0.023487069,1.1383959316879633e-08,undercover,NaN,NaN,NaN,NaN
godlike,0.04227987,9.919524646129219e-10,0.009569633,1.984676289631948e-09,dirty,0.044832744,3.8099140231562245e-09,0.006053295,1.4378260297653878e-08,frankish,NaN,NaN,NaN,NaN,beauteous,0.08500314,6.114844339211167e-09,0.0047638416,1.182073079697421e-08,unhappy,0.12712857,2.1384195816875895e-08,0.0067656115,1.1506575428588128e-08,clad,0.010630563,1.6212732961706777e-09,0.003012374,6.046508072010681e-09
effective,0.034738034,3.2363839386206905e-10,0.0121541545,6.748987965710107e-09,abusive,0.052210063,1.5776211448326194e-09,0.034741864,9.972668940649854e-09,later,0.019639537,1.4394681988050273e-08,0.0016926378,1.2940981342079994e-08,comely,0.013317,9.275773663053322e-09,0.013277078,2.815547048978795e-10,fatal,0.0059896708,4.079293430825359e-09,0.0012796596,5.629507596194294e-09,fashionable,0.04298418,3.1734293734486663e-09,0.010839475,3.1868238378057745e-09
grateful,0.108230755,1.4219438569315623e-08,0.008339713,6.162373267920573e-09,dumb,0.017905153,3.5468672859861883e-09,0.011779903,3.422735697297674e-09,rural,0.019871302,1.6334621120994708e-08,0.010206906,4.834290648347839e-09,elegant,0.08321114,1.3691875501431472e-08,0.03751957,1.667341885044915e-08,british,NaN,NaN,NaN,NaN,aged,0.07168923,2.478845592332468e-09,0.008276665,8.647335625333596e-10
distinguished,0.014955521,1.8655819111756955e-09,0.0072492585,5.963241164752553e-09,powerless,0.0017254874,6.11840798858676e-09,0.016211364,5.068061387225598e-10,welsh,0.06862739,1.058080707078135e-08,0.006525904,5.55262463092232e-09,delightful,0.08729495,2.0311163927838605e-08,0.010690561,4.662623710738334e-09,infected,0.0061052293,1.5043639250977847e-08,0.005953178,2.3717265790201836e-09,grand,0.078096926,4.398812744610403e-09,0.03930276,5.286210642829747e-09
hopeful,0.06450791,7.846963717694777e-09,0.00047113746,1.9135326240204975e-09,feeble,0.041404486,9.14705783339187e-09,0.009314001,1.1007539879592798e-08,teutonic,NaN,NaN,NaN,NaN,lively,0.09167062,9.267412046098933e-10,0.01878451,1.72157910149906e-09,virgin,0.07680452,1.3596701597951011e-08,0.050235763,4.290737375643727e-09,withered,0.06934684,2.7207329722500617e-09,0.026279557,3.528911038386262e-09
superior,0.009842023,5.320750298687393e-09,0.019507315,2.0197513939113065e-09,suspicious,0.015433222,8.151641944786903e-09,0.030974917,3.9890953040799815e-10,macedonian,NaN,NaN,NaN,NaN,spirited,0.020210799,3.85199364766331e-09,0.010226052,8.996700953667336e-10,negative,0.00421077,1.089851653368612e-09,0.00084745884,8.27560367455682e-09,parisian,0.0012988709,1.8461091998850376e-08,0.03374041,8.6793765230464e-10
easy,0.030078635,3.830682965277887e-09,0.016571626,6.7800236536186276e-09,careless,0.0020670742,2.630632683908729e-09,0.007963106,1.264550154866928e-08,political,0.085833974,6.872670724189511e-09,0.011857901,4.530975428185258e-09,interesting,0.032096468,9.938026089562069e-09,0.0048842207,1.0119530213792416e-10,awful,0.025046788,1.4592566044413502e-09,0.00031973328,4.156223740170439e-09,feminist,0.006310478,3.590892000415735e-09,0.0009030048,5.936650355337081e-09
enterprising,0.05811558,2.171487725743937e-09,0.02096051,1.0125358197721201e-08,incapable,0.041601434,1.0132344893665213e-09,0.009862598,4.969097754797813e-09,austrian,NaN,NaN,NaN,NaN,sweet,0.2512504,1.3294500192774852e-08,0.091612235,1.5092437667674208e-08,black,0.027904589,2.2820924594491032e-09,0.0043900833,9.38977973152788e-09,little,0.06945251,3.3654914605163455e-08,0.014417946,5.79278364165603e-09
benevolent,0.017367616,7.863336003166577e-09,0.032071836,1.2821215963909616e-09,hostile,0.035480246,1.0113027588964929e-08,0.0102329925,1.166735408286712e-08,merovingian,NaN,NaN,NaN,NaN,gentle,0.12808676,5.7313862822372386e-09,0.028074473,9.919774168754003e-09,little,0.06945251,3.3654914605163455e-08,0.014417946,5.79278364165603e-09,topless,0.006115198,1.1409042030563477e-08,0.016013168,6.113670278362626e-09
courteous,0.02941899,1.5515501591845116e-08,0.012769077,4.0123243616463355e-09,melancholy,0.14056973,1.3219660310870296e-08,0.021109983,1.5383275181468647e-08,arthurian,NaN,NaN,NaN,NaN,fertile,0.01341706,6.352200509086164e-09,0.0136641115,3.218600587440168e-09,barren,0.006365128,1.0589177243391923e-09,0.018889805,4.68535105851986e-09,english,0.019197159,1.3725381983742402e-08,0.058499318,1.0272870800548395e-08
good,0.01280199,5.886112777742092e-09,0.025372013,1.0466072286607897e-08,dead,0.041092157,1.7749048054210848e-08,0.03421398,2.056263597935426e-08,eastern,0.01342405,1.4878400751011656e-09,0.0015517771,2.9000012148616694e-09,gorgeous,0.054697298,4.086461110388304e-09,0.015258484,9.5309755157591e-09,wanton,0.010778397,1.5751227405713664e-09,0.008917347,2.6880423872888137e-08,brisk,0.07315054,3.820262217679726e-09,0.013406143,4.427643043869445e-09
rightful,0.07509299,2.156705161682204e-09,0.026604906,1.0416325704754037e-08,inferior,0.044579882,2.324617012772201e-09,0.0051738303,4.721604374841037e-10,prussian,NaN,NaN,NaN,NaN,brisk,0.07315054,3.820262217679726e-09,0.013406143,4.427643043869445e-09,battered,0.033074845,1.0101859772293498e-08,0.0013780375,7.210788327115941e-10,new,0.012001768,7.112755107119284e-10,0.028431088,1.3892909142554366e-08
prominent,0.04466007,6.386555478909983e-09,0.0012477562,7.016647970981005e-09,wicked,0.011346638,3.062705984657743e-09,0.004620184,8.499007597711659e-09,auxiliary,0.030660942,4.754441229604112e-09,0.029689282,1.066851580341921e-08,fascinating,0.09316971,3.8843364753848864e-08,0.022473864,2.5682761230216844e-09,dreadful,0.056706563,5.46701572033681e-09,0.014185872,4.864924790272396e-09,alleged,0.042464375,3.400490750093965e-09,0.017216211,1.6047075196423677e-09
competent,0.01894233,2.912258389303757e-09,0.0038366504,8.458224946827908e-09,criminal,0.100123465,2.6279674270046627e-09,0.008880973,3.6045988693889086e-09,sovereign,0.04773988,1.0459103666482505e-08,0.019038558,1.2400109328236653e-08,fashionable,0.04298418,3.1734293734486663e-09,0.010839475,3.1868238378057745e-09,invalid,0.027916014,1.3883034166717323e-09,0.025393322,5.861489765779382e-09,beauteous,0.08500314,6.114844339211167e-09,0.0047638416,1.182073079697421e-08
righteous,0.03092809,3.514268237525542e-09,0.005753711,6.745134450980572e-09,fraudulent,0.0119447075,3.079606979150551e-09,0.01142296,6.323720436185454e-10,chinese,NaN,NaN,NaN,NaN,fruitful,0.026214538,8.156523095825818e-10,0.00025497377,1.2402792515242567e-08,terrible,0.012149952,2.141308998171443e-09,0.007272601,1.1098020946676002e-08,swedish,NaN,NaN,NaN,NaN
successful,0.06560506,2.6586510076809233e-09,0.016174281,1.2252646699323355e-08,troublesome,0.030666156,3.3579300971753323e-09,0.020892978,3.3736301252584866e-09,christian,0.031717055,2.0380055976154665e-09,0.0044482797,1.4612418386406034e-08,prolific,0.00587523,2.2647909436734892e-08,0.019638106,1.9834697495557663e-09,topless,0.006115198,1.1409042030563477e-08,0.016013168,6.113670278362626e-09,grey,0.025908582,4.607895162656028e-09,0.000357233,1.998668383573765e-09
bold,0.046180025,9.861508831754406e-10,0.009125188,4.3265455246244144e-09,vain,0.036419228,1.1066716265606402e-08,0.040417656,3.83015535954101e-09,paternal,0.03452696,1.0163037911237183e-09,0.017389104,3.098310483173883e-09,gracious,0.10219663,1.3197517412244508e-08,0.003463,2.580582969535783e-11,feminist,0.006310478,3.590892000415735e-09,0.0009030048,5.936650355337081e-09,three,0.01891549,3.6174198150829007e-09,0.024343066,2.2956386763750558e-08
eager,0.050110556,7.070116964102979e-09,0.017151572,1.5993521298995894e-09,poisonous,0.034133088,3.6294769169276098e-09,0.016087316,3.957207256322093e-09,manorial,0.023464551,1.3150228299514677e-08,0.013954684,1.7713679995035037e-08,dear,0.11168852,1.2916109348726224e-08,0.00760632,6.389143797358443e-10,maiden,0.16570191,0.13424641906092916,0.06335028,0.05090657340371679,asiatic,NaN,NaN,NaN,NaN
energetic,0.034838803,5.113298673364852e-11,0.0024323687,2.940915275195799e-09,dishonest,0.07346423,7.604219712242788e-09,0.017034635,1.1677392400266662e-08,carolingian,NaN,NaN,NaN,NaN,proud,0.061217032,6.35139328630796e-09,0.0010398217,5.991303245189705e-09,nightmarish,0.071572006,1.969610718965953e-08,0.02440085,5.482659826139269e-09,egyptian,NaN,NaN,NaN,NaN
blameless,0.04491954,3.520340290975865e-09,0.007921495,1.1188960563623951e-08,mischievous,0.01168027,2.130661849730764e-08,0.0044622337,3.3296385856806943e-09,collective,0.018087089,7.123607842496327e-09,0.0024433285,6.562129575837794e-09,merry,0.04186351,3.3738007526595837e-10,0.0074184425,9.198658501574641e-10,hysterical,0.14560963,1.828893282651567e-08,0.02166171,1.0413091215688564e-08,american,0.0811035,9.189178140633913e-09,0.015121557,4.749977314255638e-09
financial,0.08360311,4.247427576320462e-09,0.0113261435,4.643476707311134e-09,woeful,0.042985138,1.768316223484112e-08,0.013389152,9.192846296690593e-09,parthian,NaN,NaN,NaN,NaN,amiable,0.08640098,3.2616661801987412e-09,0.0040758625,5.463569485719688e-09,scornful,0.03561879,2.844785310096576e-09,0.00064891577,4.380518558999569e-09,matronly,0.1246199,1.4447407832574033e-08,0.01863392,6.3850090006867255e-09
valiant,0.04025894,1.064869470379648e-09,0.026868578,7.825056262678043e-09,hopeless,0.021108806,1.1863150045643422e-08,0.011477947,8.135200568748502e-09,military,0.18816926,1.2219147915715212e-10,0.011267632,8.252205530023815e-09,pleasant,0.06171374,1.6410538993677504e-08,0.010602444,2.3949689453850453e-10,horrible,0.016453631,3.9437699425604045e-09,0.00024600327,3.6193931844674676e-09,marriageable,0.14478646,2.038119652214565e-08,0.002523847,6.580944081346907e-09
attentive,0.013401873,1.4621535412984166e-08,0.009595312,1.9563925757193346e-09,imperfect,0.00046136975,1.7328843554542672e-08,0.009627625,2.0762447316968746e-09,local,0.12526196,2.8299337734294383e-09,0.0021214103,9.849603892914116e-09,pure,0.11476159,2.8724843094407593e-09,0.039705582,6.492031023874745e-09,blonde,0.12355488,8.156009922988261e-09,0.037450515,5.779450864065727e-09,unhatched,NaN,NaN,NaN,NaN
neat,0.013583272,8.626740172906766e-10,0.011965327,7.278153760226225e-09,stubborn,0.06720648,1.4861823299794352e-08,0.02954885,1.027700904931983e-08,danish,NaN,NaN,NaN,NaN,talented,0.005061701,3.953723293204092e-09,0.0037323982,3.094446358875569e-09,uncomfortable,0.0402548,3.337002896230956e-11,0.0065191165,5.813586695380124e-10,nubile,NaN,NaN,NaN,NaN
desirable,0.016527608,7.490256526132555e-09,0.021581534,7.865805451423569e-09,awkward,0.014869943,4.494439542757078e-11,0.0043451237,5.441435497501035e-09,germanic,NaN,NaN,NaN,NaN,nice,0.07357247,9.03829475151774e-09,0.027068019,1.0353175122768121e-09,neurotic,0.018236246,8.725124369529658e-09,0.02716581,2.0342098092790417e-09,pretty,0.14230902,4.809969020302951e-09,0.044113398,3.391881997494295e-09
daring,0.020978391,2.586597025455717e-08,0.029300496,8.367949638765637e-09,reluctant,0.07767525,6.874571023551823e-09,0.016798139,1.3607063517606655e-08,homeric,NaN,NaN,NaN,NaN,sprightly,0.0010131747,1.0023437059525353e-08,0.004355276,5.881812072117132e-09,horrid,0.015131897,9.28433391603721e-09,0.006031731,3.481238422531341e-09,mexican,NaN,NaN,NaN,NaN
ethical,0.047489498,1.4307783416378506e-08,0.026066184,6.468270898063455e-09,discontented,0.05496651,3.798636259710886e-09,0.0035503134,2.7148468959015126e-09,dutch,NaN,NaN,NaN,NaN,memorable,0.0017738752,3.6036514189374813e-09,0.013695918,7.818075686838455e-09,sad,0.13090073,1.5742035773883e-08,0.0026958361,2.001880420113289e-09,winged,0.04448548,4.788603194527674e-09,0.0034525506,2.3697984130599536e-09
brilliant,0.103685126,3.633261358437778e-09,0.020512007,6.460658202867009e-09,shameful,0.026677817,2.157331879110158e-09,0.0101061,6.58009834467177e-09,ecclesiastical,0.04139099,4.459176989463076e-09,0.01210884,6.182741735250019e-09,virtuous,0.06581779,5.425217150523132e-09,0.03886772,8.00875918360866e-09,diabetic,NaN,NaN,NaN,NaN,young,0.0106557235,1.8470425744432362e-09,0.013889968,1.547980227334378e-08
genial,0.0003750436,1.821690356895722e-08,0.0035029836,1.1828943310976392e-09,pitiful,0.06550239,4.258687302111097e-09,0.0010962598,8.321751614193129e-09,male,0.0067687184,0.20633312075612026,0.04339522,0.07357607534497944,admirable,0.007821444,1.715552935821485e-09,0.024206445,7.38209687128899e-09,helpless,0.09655088,9.184493041103359e-09,0.007734567,1.8167604490249012e-08,buxom,0.034947716,9.263123375985449e-10,0.0345704,3.590293852148707e-09
fabulous,0.030124038,3.1903008845812764e-09,0.02288464,6.489257829006556e-09,dull,0.01462226,4.354207425172341e-09,0.03704165,1.7555041587069553e-09,stoic,5.093217e-05,7.549548958207808e-09,0.026869848,4.363622685410462e-09,celebrated,0.032026302,7.745099277201017e-09,0.0047511607,1.5059286359586643e-08,unfortunate,0.008306284,1.1228822819481232e-10,0.012246918,1.705679183311437e-08,ancient,0.081901155,1.4502356329715305e-09,0.017704051,9.818488570789707e-09
splendid,0.019878179,8.330343664875173e-09,0.003858596,2.9750968980057912e-09,doomed,0.03697268,5.652891696406037e-09,0.01575835,1.0113004045297913e-09,immediate,0.032196775,9.610033741003221e-09,0.016096607,2.2236270186271057e-09,exquisite,0.08756944,8.000681547826183e-09,0.046820424,9.146690065076069e-09,grecian,NaN,NaN,NaN,NaN,blonde,0.12355488,8.156009922988261e-09,0.037450515,5.779450864065727e-09
creative,0.036424495,1.6487372404838663e-09,0.013242647,5.397889343838891e-09,vile,0.06690587,3.8789214965029295e-09,0.038310684,1.768388394052245e-09,hanoverian,NaN,NaN,NaN,NaN,thrifty,0.040448666,3.248958251739209e-09,0.000849694,8.527011034764609e-09,unequal,0.04792145,1.402918600734715e-09,0.013885409,4.188768244588192e-09,irish,0.011189004,5.68005437996677e-09,0.00032678992,7.837950913303082e-09
friendly,0.013214901,3.583566492160184e-09,0.00064014643,1.6187496898467657e-09,financial,0.08360311,4.247427576320462e-09,0.0113261435,4.643476707311134e-09,private,0.06585176,1.0779811466209155e-08,0.0075452817,1.722717523928302e-08,witty,0.0374417,7.567996979096492e-09,0.026272895,4.156674979043096e-09,fragile,0.09221371,2.167187671507642e-09,0.01288468,7.591818444729892e-09,syrian,NaN,NaN,NaN,NaN
rich,0.050672844,3.7724085383272765e-09,0.029905926,5.051942260358988e-09,false,0.0066533014,2.6561380178646843e-09,0.00932204,3.3421141271139376e-09,general,0.027967565,1.867915627729033e-09,0.022611536,2.5162665978628596e-09,aristocratic,0.004767306,3.064275055919552e-09,0.0032826588,3.5604121456644933e-09,hideous,0.033276863,8.891529609811322e-09,0.01681897,1.0059255865779715e-08,blond,0.04626605,4.995265999452325e-09,0.0006124892,6.894853146754976e-09
pleased,0.02295443,4.692379478032915e-09,0.007346114,7.89562636105412e-09,unsung,0.024755545,4.3264850035917846e-11,0.0003567636,8.221393926755027e-09,inhibited,0.004342024,1.0716667005195024e-08,0.0038868785,1.063494029646117e-08,adorable,0.076959014,1.1239036035171068e-08,0.020261109,5.967240729320977e-09,frail,0.059155375,7.733111789809399e-10,0.02588005,2.1158549017886996e-08,favourite,0.0056730807,7.11944556780475e-09,0.00018272921,2.1603440564232912e-10
outstanding,0.09850476,7.119951691728988e-09,0.025832068,2.550212437057997e-09,ungrateful,0.039258126,7.508526953838024e-09,0.00728935,7.522771600099176e-09,territorial,0.00627812,8.837437712183593e-09,0.0076398626,1.2772718412448758e-08,devoted,0.058295466,4.208634690749946e-09,0.008971959,4.466916531109533e-09,tired,0.03443645,2.903316563291486e-09,0.009645004,2.3986908084805414e-09,french,NaN,NaN,NaN,NaN
calm,0.07836962,1.5330157976389813e-09,0.010213837,8.827924197207793e-09,inconsiderate,0.015680676,1.1557517533289374e-08,0.006066179,1.242674117774012e-08,temporal,0.038114227,4.989957821943669e-09,0.038212404,8.812887086762089e-10,buxom,0.034947716,9.263123375985449e-10,0.0345704,3.590293852148707e-09,dizzy,0.06502727,4.1789224858312934e-09,0.006050721,2.6448873508000403e-09,roman,NaN,NaN,NaN,NaN
considerate,0.040656008,3.951591942552568e-09,0.010587641,2.9314611814379443e-09,unpleasant,0.006997645,4.45703401963371e-09,0.0015371703,1.0299620177567359e-08,ottoman,0.011561744,6.365700772059668e-09,0.012854844,6.725169657273433e-09,passionate,0.09690109,1.5745134140932038e-08,0.023262396,4.092890221185641e-09,motherly,0.17702763,2.382231797243284e-09,0.037601642,1.976273126727936e-09,clipped,0.010265328,1.1670985677891821e-08,0.014207169,4.478633575111246e-09
ambitious,0.0069518164,8.722500902114128e-09,0.0031370614,3.6675130016261548e-09,nasty,0.049594738,4.326853375591355e-09,0.012717009,1.4017504379459922e-09,royal,0.100086406,6.775402260073005e-09,0.004695542,8.253029015400926e-09,graceful,0.0750316,2.739752591462974e-10,0.027859405,1.2648119510072497e-08,wrinkled,0.0034787282,7.432433779541725e-09,0.0011165664,4.4817524552653865e-09,lesbian,NaN,NaN,NaN,NaN
confident,0.00092585385,1.238975164130629e-08,0.010374561,7.92553919715111e-09,naughty,0.117396876,6.236901883838186e-09,0.017496333,1.4304947976162552e-08,economic,0.0055427775,6.889462486614484e-09,0.024957418,9.023355769174901e-09,peerless,0.06592331,6.127383392340313e-09,0.0024571642,2.4343457666331503e-09,damnable,0.017321222,1.5799453884079995e-08,0.037812214,4.420483173950274e-09,contemporary,0.017533101,9.895154612360457e-09,0.02087677,6.5587334868721925e-09
tolerant,0.011199474,6.1892694580567564e-09,0.0059932396,6.222468984518059e-09,contradictory,0.052530874,6.892833685767652e-09,0.008962656,3.106533422864155e-09,subsequent,0.021881431,1.9268181911114013e-09,0.03355551,1.4024443509286222e-08,rosy,0.12064576,9.055914067246373e-09,0.021671189,4.050837132743568e-09,other,0.018918842,6.826982895669076e-09,0.03163442,7.632258852696694e-09,tiny,0.07248949,1.8154519540458658e-08,0.01779541,1.7954845873968672e-09
heroic,0.016251646,6.402303409647203e-09,0.00691003,5.7691359814371346e-09,savage,0.12490843,4.6741792103510704e-09,0.04031658,4.880475024116038e-09,capetian,NaN,NaN,NaN,NaN,innocent,0.11796128,2.535684374277425e-09,0.029724773,2.7984731306579524e-08,unprotected,0.08581892,1.1570926897186418e-08,0.00870508,1.1090883073050506e-08,lovely,0.23058592,1.775305252804671e-08,0.06292345,7.868367943308918e-09
satisfactory,0.014098585,1.1447851000490061e-10,0.0049137026,4.5644560631163955e-09,unethical,NaN,NaN,NaN,NaN,special,0.021259984,2.5597663988463637e-09,0.0047301413,1.5840571128238057e-08,respectable,0.072979614,2.293539774766984e-09,0.02400218,7.15307030274559e-09,future,0.008602396,1.182701844792966e-08,0.008254692,1.3080176358704065e-08,paternal,0.03452696,1.0163037911237183e-09,0.017389104,3.098310483173883e-09
kind,0.010198902,8.750387726907949e-09,0.008035772,6.325343623880819e-09,arrogant,0.007423153,1.2462461826401317e-09,0.0231606,5.509872516573644e-09,native,0.031947594,1.664310514924716e-08,0.018781051,3.6194540038725354e-09,comfortable,0.04531582,1.9549901985466134e-08,0.018552259,7.77141326291364e-09,harried,0.019124731,9.96478904946585e-09,0.04108186,2.1690831825127432e-08,phoenician,NaN,NaN,NaN,NaN
chivalrous,0.023279093,1.2004233537754594e-08,0.0029838793,7.178728174406235e-09,lame,0.12565047,8.120544713226263e-09,0.001075983,1.0258735021195786e-08,electronic,0.05457242,2.316130842672237e-09,0.002101209,4.797644323484285e-09,virgin,0.07680452,1.3596701597951011e-08,0.050235763,4.290737375643727e-09,hapless,0.041736737,3.8923188283579435e-10,0.011575371,3.7246369738452856e-09,veiled,0.12602153,1.3189530651686043e-08,0.018475316,2.0333683348194853e-09
normal,0.018194899,1.0669129635321184e-08,0.0033006892,1.9106525042666966e-09,mistaken,0.014309681,1.2644400117223231e-08,0.0018434189,1.0985092148418918e-08,mathematical,0.022556104,8.348833138716039e-09,0.022838563,1.8017933797742636e-08,vivacious,0.056249943,5.550964875256081e-09,0.0017512103,6.434569202224023e-09,slovenly,0.05995083,5.338376716373938e-09,0.0030568913,2.946978258644428e-09,strident,0.05008634,1.0664367652846174e-08,0.011943102,3.398376455243657e-09
noble,0.043454207,6.892591549595428e-09,0.0019332282,5.523222476599976e-09,inconvenient,0.02002167,1.2927115919381116e-08,0.0014685984,5.489352344206777e-09,regional,NaN,NaN,NaN,NaN,harmonious,0.045544606,1.559584061200381e-08,0.004156679,6.215141179488626e-10,frivolous,0.043692477,1.2614549509126771e-08,0.024536373,1.0966341029705617e-08,elderly,0.06807064,7.596859918912457e-09,0.016207615,8.908377507887977e-10
fortunate,0.014337905,1.8102979948420028e-09,0.023986124,7.232963547543214e-09,rotten,0.061929442,1.5279772516696433e-09,0.016159015,5.512069127522334e-09,mechanical,0.02247186,3.824812550012879e-09,0.028598897,3.4161040662894493e-10,beloved,0.10341181,1.7484165103567872e-08,0.017124422,2.8546855122824066e-09,dread,0.023808375,2.128187792660441e-09,0.011842266,7.629247011919915e-09,pregnant,0.01776968,5.229081126434387e-10,0.0054224357,1.1338358862911235e-09
well,0.017342001,1.3096048079308531e-08,0.0015337914,8.904119941366417e-09,unfriendly,0.0025326386,1.0760076024629583e-09,0.007828306,9.258752042828888e-09,secular,0.020330794,9.378511287017055e-09,0.012980431,1.2922567210749136e-08,delicate,0.117948994,6.846837652396687e-09,0.047467485,2.016106140367846e-08,abused,0.0060158335,5.7538884074004315e-09,0.022461236,1.0806961436848894e-08,stately,0.030003518,9.259518249371546e-09,0.017518688,1.5174388801053595e-08
welcome,0.052377447,5.628101595878121e-10,0.0004738716,1.411432699882642e-09,outrageous,0.07657564,7.509428148755326e-10,0.017102353,2.0412767226529738e-08,electrical,0.037951164,1.926718923295212e-10,0.00797539,2.935288630212529e-09,favorite,0.016004575,8.457814344720038e-09,0.017517395,3.0444864025647167e-09,lesbian,NaN,NaN,NaN,NaN,haughty,0.048065186,4.086530808189437e-09,0.0002655238,2.1819837325853797e-09
prodigious,0.06555116,1.1979785427551626e-08,0.009395383,1.245458799287169e-08,ineffectual,0.0044008046,7.688954584139651e-09,0.0279908,3.467119542854835e-09,belted,0.03302388,6.47142996482164e-09,0.05404608,1.2887318399934511e-08,famous,0.0797787,2.5823715804618175e-09,0.030381506,3.1674725828323425e-09,pathetic,0.09782463,8.182178025395448e-09,0.027316496,1.4001865167312388e-08,korean,NaN,NaN,NaN,NaN
respectful,0.06366432,2.2517574846392385e-08,0.001417771,5.9917698511102735e-09,wrong,0.043186516,1.2979021468684238e-09,0.022458926,5.540062714137761e-10,naval,0.10352648,2.436828916430045e-08,0.029192999,1.2593654730164161e-08,golden,0.08596062,4.756624307974966e-09,0.03934242,3.595593704719402e-09,disdainful,0.045207225,1.2767360418886042e-08,0.008565601,5.509665640390793e-10,domestic,0.0034953672,1.61727729819372e-09,0.010338895,7.273860680445665e-11
courageous,0.02617497,8.075918656036407e-09,0.008337118,8.565893536149893e-09,dire,0.0018876716,6.78915865193197e-09,0.019479621,1.0374435192861409e-08,social,0.033672974,5.448630949200783e-09,0.015779808,1.1802575305974727e-08,topless,0.006115198,1.1409042030563477e-08,0.016013168,6.113670278362626e-09,consumptive,0.03443744,6.848553224525489e-09,0.009524086,8.109427257312063e-09,primiparous,NaN,NaN,NaN,NaN
prudent,0.055936925,4.410674808025261e-09,0.015792893,5.939848292369453e-09,sinful,0.076568946,1.1247403545740046e-08,0.004721336,4.0471172593758986e-10,roman,NaN,NaN,NaN,NaN,classy,0.02831028,9.051087833215898e-09,0.0032275147,7.429961975530253e-09,marriageable,0.14478646,2.038119652214565e-08,0.002523847,6.580944081346907e-09,plump,0.03959987,2.291709928770036e-08,0.009432087,7.030353452175397e-10
sincere,0.0638567,1.651902453020382e-08,0.02628471,6.56651637231942e-09,impersonal,0.043906935,1.1990221204793983e-08,0.0061509833,5.081811083051946e-10,priestly,0.07038425,1.1111894959725532e-08,0.04013223,2.263455346762644e-09,undercover,NaN,NaN,NaN,NaN,frigid,0.055935495,8.356294545208698e-09,0.013508894,1.4711889026464142e-08,plural,0.009748131,1.4679568671738252e-09,0.009291533,9.833940467496305e-10
resolute,0.009326581,1.8284299907467272e-08,0.016190872,8.151685992885405e-10,mock,0.019136265,4.718227697431132e-09,0.0020596758,1.4998389474829565e-09,petty,0.026268251,9.461871577909342e-09,0.010506049,3.1093059498638054e-09,glamorous,0.01444263,6.093769919224279e-09,0.024364173,1.5441896164536395e-09,silly,0.05054584,1.3303608659143151e-08,0.00026062317,5.234636481221688e-09,crowned,0.024160758,1.4432610578873906e-08,0.02579612,9.798436326202697e-09
serene,0.09236859,7.962969950092713e-09,0.020014301,3.389703032152802e-09,useless,0.031701244,1.8855614153379108e-09,0.022863198,9.333662683019828e-09,western,0.0010902472,4.3037154257019594e-09,0.009557638,1.1538027269719642e-08,expectant,0.02293545,6.654553130758245e-09,0.021941178,4.281688753549062e-09,accursed,0.048468005,5.4096758392296884e-09,0.021974072,5.833425603674058e-09,viennese,NaN,NaN,NaN,NaN
restful,0.033376835,4.49410978917153e-09,0.0010334793,3.377138715378314e-09,sinister,0.044031426,5.208662598454872e-09,0.0040854104,5.21507614176242e-09,medieval,0.0070494283,1.5427284449920364e-09,0.003895294,1.382268535743414e-09,agreeable,0.013098517,1.646609324845033e-08,0.0073260926,6.341601802928656e-09,malevolent,0.014611691,6.406364383426677e-09,0.003640607,9.01505647910028e-09,andalusian,NaN,NaN,NaN,NaN
great,0.04819887,1.4403054082734457e-08,0.0055264384,9.959057883923705e-09,insane,0.035798937,4.188442717656393e-09,0.009155758,7.46587081046357e-09,lancastrian,NaN,NaN,NaN,NaN,modest,0.04046277,5.674891695450768e-09,0.0032194033,9.348655044538745e-10,naked,0.016147252,3.0825685788660184e-09,0.019189823,9.82698999171111e-09,belgian,NaN,NaN,NaN,NaN
perfect,0.06015019,7.367193667617844e-09,0.04860431,9.730048683431747e-09,villainous,0.036439568,1.0094456409648345e-08,0.0151397735,8.384538327521618e-09,nominal,0.000500449,7.346154372311897e-09,0.056325972,9.368699357970023e-10,popular,0.052143995,1.6434496125095066e-11,0.0074919052,2.8716838195580463e-10,archaic,0.08099051,1.0257450444584038e-09,0.034553185,2.4686934024797935e-08,employed,0.07065246,1.2805694976636417e-09,0.008534998,1.1973344371529748e-08
wise,0.079882205,6.749369382830217e-09,0.001639843,1.2865242315918124e-08,upset,0.00799989,1.0550886303528628e-08,0.021189824,1.2412630090441468e-09,early,0.046996646,8.296277373420757e-09,0.0078089535,5.2870135353044745e-09,sophisticated,0.0065786354,6.200626470609372e-11,0.012763737,1.7104390792610502e-08,foul,0.010664404,3.376624153894614e-09,0.012033857,5.253168296193156e-09,neapolitan,NaN,NaN,NaN,NaN
beneficent,0.010350063,8.843487789289561e-09,0.0013910905,5.436125743996101e-09,doubtful,0.006426364,1.932700288698186e-08,0.0015498549,1.014691991541028e-08,tribal,0.022603855,9.47906574066959e-09,0.031374186,4.1389326688179295e-10,dainty,0.08791875,2.4459426872791568e-08,0.052365303,1.0213718620866175e-09,nagging,0.03275624,1.1233239234631487e-08,0.04998389,1.1151355255867301e-08,future,0.008602396,1.182701844792966e-08,0.008254692,1.3080176358704065e-08
compassionate,0.07093106,1.0810460970844815e-08,0.046998933,5.512196948886938e-09,ominous,0.005702533,4.922020430120355e-10,0.002975054,1.0410320935155815e-08,chief,0.17392403,1.5377400935934205e-08,0.054328516,5.182333118192162e-09,blonde,0.12355488,8.156009922988261e-09,0.037450515,5.779450864065727e-09,childless,0.027453467,3.917903949185453e-09,0.008974319,2.8244895929063762e-08,dainty,0.08791875,2.4459426872791568e-08,0.052365303,1.0213718620866175e-09
irresistible,0.014252409,6.343910952111287e-09,0.007987767,2.140138247175294e-09,contemptible,0.019932494,2.005078075795197e-09,0.006782024,1.1243541174488225e-08,turkish,NaN,NaN,NaN,NaN,blond,0.04626605,4.995265999452325e-09,0.0006124892,6.894853146754976e-09,troubled,0.070561625,5.3938776500839225e-09,0.00022549182,7.831269507874161e-09,motherly,0.17702763,2.382231797243284e-09,0.037601642,1.976273126727936e-09
merciful,0.013593383,8.615364213704346e-09,0.002949506,5.493444449333751e-09,degrading,0.0066358447,1.8179711624988215e-09,0.009849384,1.1239654443273572e-08,backed,0.057022326,5.560788662872795e-09,0.016188309,1.0852776163861044e-08,privileged,0.003718438,1.6218091748038121e-09,0.010003336,9.961405131320156e-09,suffering,0.03937161,1.5122362473363182e-08,0.012285575,8.982649235544926e-09,matriarchal,0.055701867,3.753885702284521e-09,0.011258304,1.553805512033435e-08
suave,0.009474579,8.51414601321654e-09,0.0178468,4.7479741527300945e-09,unsupported,0.040394843,1.3959313566180853e-08,0.03258145,1.891284157062856e-09,papal,0.0057652406,1.1517351933276743e-09,0.02707981,2.213146395313448e-09,superb,0.019030526,3.1020619128963034e-09,0.005179487,3.3424177037222336e-09,shrewish,0.024410374,4.029015371331823e-09,0.0031480948,2.3567970769411417e-09,japanese,NaN,NaN,NaN,NaN
meritorious,0.054874424,6.604590374603703e-09,0.023208823,7.188782086969825e-09,lousy,0.036556795,9.27530596772641e-09,0.0052726045,1.1294808494738406e-08,future,0.008602396,1.182701844792966e-08,0.008254692,1.3080176358704065e-08,experienced,0.008803047,5.4178448533059864e-09,0.0040955767,6.599924495809262e-10,withered,0.06934684,2.7207329722500617e-09,0.026279557,3.528911038386262e-09,emotional,0.014901057,7.749762109821035e-09,0.0032001138,8.167055809416013e-09
clear,0.014751792,8.773576934406613e-09,0.002227351,6.2807326145497555e-09,dejected,0.04423392,1.0010953455097393e-08,0.0017983019,2.647201582939296e-09,personal,0.022294283,4.627931038392319e-09,0.0020549595,1.2198380416883481e-08,precious,0.0031523705,2.378300671679323e-08,0.02351677,1.5289453800249042e-09,pernicious,0.041075308,5.1415245255759245e-09,0.014956881,9.162833936505901e-09,fictional,0.008510532,1.0101975794069018e-08,0.020743791,4.994761680643389e-09
peaceable,0.004592322,1.2825133788307852e-08,0.013382807,6.910174696339588e-09,allergic,NaN,NaN,NaN,NaN,cappadocian,NaN,NaN,NaN,NaN,pious,0.050328948,2.5997416996936806e-09,0.014980316,4.089498573112138e-09,buxom,0.034947716,9.263123375985449e-10,0.0345704,3.590293852148707e-09,lunar,0.001462956,6.582898056523012e-09,0.039466992,2.3413349592438237e-09
like,0.02272639,3.3903746268770796e-09,0.0076499134,2.2556027740039397e-09,punishable,0.005406419,3.327102371386559e-09,0.0003687814,7.773139978906052e-10,armed,0.18765071,3.6570065795049622e-09,0.009862915,1.7557933770090406e-09,mature,0.04644492,1.4411569236594257e-08,0.015357809,3.5809625369143117e-09,unpromising,0.022821635,6.472480559979385e-09,0.01126723,3.270870282956473e-09,gestational,NaN,NaN,NaN,NaN
thankful,0.045048736,5.1213348006839965e-09,0.0041081905,3.957720845493284e-09,stricken,0.031455204,1.8507170726489441e-09,0.015359913,7.457186393562687e-09,ancestral,0.05414137,1.3029272341591458e-08,0.0183753,2.1672143968309854e-08,happy,0.123275205,7.442559547821137e-09,0.012668822,2.0346487661360158e-08,fictional,0.008510532,1.0101975794069018e-08,0.020743791,4.994761680643389e-09,operatic,0.016395405,2.0271178624575725e-09,0.017581925,1.5744584941357331e-09
positive,0.014359094,2.6571555095111776e-09,0.007165335,1.238566443850786e-08,threatening,0.0043785935,2.479250112499831e-09,0.014677919,6.855217088430621e-09,uterine,0.013843268,1.6282643428011667e-09,0.018651783,3.8447207223457625e-09,motherly,0.17702763,2.382231797243284e-09,0.037601642,1.976273126727936e-09,sober,0.067111924,4.099468830370823e-09,0.0017588157,7.01868106689485e-09,ephesian,NaN,NaN,NaN,NaN
paramount,0.041897222,2.8079483365209268e-09,0.018622175,1.620573107652401e-08,fascist,NaN,NaN,NaN,NaN,regimental,0.13730459,2.5844305862054995e-09,0.03458135,8.42420909419328e-09,novel,0.036147594,1.2209313920985565e-08,0.026840165,2.4988599939268497e-09,malicious,0.03101626,4.110867923845518e-09,9.49502e-05,1.0384209631064678e-08,portuguese,NaN,NaN,NaN,NaN
special,0.021259984,2.5597663988463637e-09,0.0047301413,1.5840571128238057e-08,ruined,0.07296075,4.7716190720858975e-09,0.015256107,1.4027134592753399e-09,weaponless,0.014158353,6.07313516143293e-09,0.033545256,2.172632517644102e-08,ample,0.0038863271,1.8113115216045195e-08,0.013472531,2.9778236924904444e-09,young,0.0106557235,1.8470425744432362e-09,0.013889968,1.547980227334378e-08,weird,0.06695044,4.681105501488925e-09,0.004184015,1.4611156062827035e-08
polite,0.0028991252,4.876738360359845e-09,0.003944503,1.3497226131892193e-09,cynical,0.026300892,1.8976783477953063e-09,0.036308292,1.6485012938050048e-09,unsung,0.024755545,4.3264850035917846e-11,0.0003567636,8.221393926755027e-09,chic,0.03326019,5.6669941343734376e-09,0.014564235,1.0374156651782318e-08,forlorn,0.100804575,2.4577042241624714e-09,0.0036413623,3.082759453959527e-09,semitic,NaN,NaN,NaN,NaN
efficient,0.0023383014,4.626982828132009e-09,0.000836581,2.4776377199886568e-09,desperate,0.087198205,9.058998912125915e-09,0.0055069327,1.2373989138891872e-08,technical,0.04820624,1.645595762433949e-08,0.024808265,1.2107723983134644e-08,good,0.01280199,5.886112777742092e-09,0.025372013,1.0466072286607897e-08,beautiful,0.22908036,3.4580174640419514e-08,0.07020965,3.7211311167822947e-09,unmarried,0.042958803,4.147782825536517e-09,0.0068488,1.275625303304162e-08
ideal,0.011323888,4.59693307031106e-09,0.012530163,5.7606253517361594e-09,rude,0.022626694,5.867026676986686e-09,0.0039353855,1.8559009606899934e-09,sororal,NaN,NaN,NaN,NaN,pleasing,0.08428417,6.749798248106842e-09,0.01458529,2.626774499303597e-09,unreasonable,0.05264467,1.2771188634408404e-08,0.015016653,2.454465963808161e-09,canadian,NaN,NaN,NaN,NaN
picturesque,0.0458564,9.032961184596289e-09,0.010223307,2.783739079526004e-09,perverse,0.017635018,1.9678017441210338e-08,0.011394095,5.076350223856552e-09,sinhalese,NaN,NaN,NaN,NaN,lovable,0.07595611,3.2260175121534562e-09,0.00062358263,1.7105819538620892e-10,fat,0.097342506,9.936171243424274e-09,0.038367055,8.765092540663488e-10,highborn,0.004682593,6.594965271805586e-09,0.015348829,1.263150826991133e-09
charitable,0.023057334,7.2990594679467335e-09,0.010744881,1.3631821550036394e-08,sluggish,0.015845116,8.111050095460648e-09,0.017568786,1.1665765659030214e-08,allied,0.016453842,5.7233936132106145e-09,0.016580902,1.0349162166134462e-08,cheerful,0.08196499,1.3653767241827985e-08,0.02639509,2.1654878654131515e-09,wicked,0.011346638,3.062705984657743e-09,0.004620184,8.499007597711659e-09,gothic,0.029128011,9.069613116086117e-12,0.0061956607,1.1304100017150986e-09
sumptuous,0.02720239,2.0960458882446353e-08,0.003498794,2.2312743699123144e-09,alarmed,0.033045217,5.255657034575201e-09,0.015588393,4.397009647008621e-09,municipal,0.024233855,9.811004321458316e-09,0.0009956211,1.6333603219953474e-09,eligible,0.041111276,5.067715006315532e-09,0.01842478,1.0196305744170076e-09,destitute,0.0628812,4.2633452445456355e-09,0.02472047,8.55360117457682e-09,ethiopian,NaN,NaN,NaN,NaN
sensational,0.007342756,1.404636540414117e-08,0.01198705,2.544498570178355e-10,ruinous,0.009501681,1.7119852480096398e-08,0.033411853,5.093493127272808e-10,italian,NaN,NaN,NaN,NaN,fine,0.023187354,2.727013309611337e-09,0.01342519,7.67318576733178e-10,damned,0.10085794,2.067995949484036e-08,0.017761126,3.0379953552817085e-09,german,0.023064349,1.9254801086887596e-09,0.017585874,7.209394747853537e-10
resourceful,0.06247007,1.9308510443294402e-08,0.03646615,7.792100464865115e-09,heartless,0.0363157,7.413318514615241e-09,0.0012588911,1.2440435057103905e-08,muscovite,NaN,NaN,NaN,NaN,virginal,0.14831957,6.924527617968579e-10,0.04557325,4.92789339889832e-09,worried,0.05747885,7.122766682021719e-10,0.002135843,2.4859308223046384e-09,turkish,NaN,NaN,NaN,NaN
reliable,0.022960052,1.0081707829678876e-08,0.008306459,1.5361947422465327e-08,fearful,0.03532408,5.274220504780658e-09,0.011207432,1.1385074688563535e-09,protestant,0.010953739,1.234712664055504e-08,0.012313008,1.1097449650193658e-08,winsome,0.0873942,4.0376998862445834e-09,0.027414039,2.371503209086523e-09,wearisome,0.019049507,1.5592663070440604e-08,0.022635274,1.7738290558622083e-09,unmated,0.039763827,1.5864309310664737e-09,0.0326335,1.4727255526203464e-10
honest,0.0879714,1.7724854847744886e-09,0.017083045,6.849758924995508e-09,retarded,0.009899514,9.609453368447651e-09,0.02178923,1.2225077505867432e-08,relevant,0.033922877,8.439223306289101e-09,0.002805993,2.660576814417226e-09,royal,0.100086406,6.775402260073005e-09,0.004695542,8.253029015400926e-09,smutty,0.03540247,4.5379493010533345e-09,0.0065743327,5.14224250680595e-09,proclaimed,0.041523278,5.696125349174963e-09,0.039803877,1.3713434193762808e-08
reverent,0.064334586,1.7426886045335266e-09,0.014845606,1.0991450645481127e-08,lonesome,0.006232377,6.7844880616285685e-09,0.021270499,6.3628393387471505e-09,spiritual,0.004323691,6.380947020767636e-10,0.009076163,8.999601897041742e-10,angelic,0.1069015,5.664489431331243e-09,0.038019683,1.564362563100108e-09,parisian,0.0012988709,1.8461091998850376e-08,0.03374041,8.6793765230464e-10,armenian,NaN,NaN,NaN,NaN
innovative,NaN,NaN,NaN,NaN,unacceptable,0.024626125,3.0405554324319795e-09,0.012555659,2.5477728538003674e-09,mongolian,NaN,NaN,NaN,NaN,matchless,0.055676345,4.902550795882199e-10,0.018503508,1.0752595779907337e-09,veiled,0.12602153,1.3189530651686043e-08,0.018475316,2.0333683348194853e-09,wicked,0.011346638,3.062705984657743e-09,0.004620184,8.499007597711659e-09
optimistic,0.00047552586,3.260276368322046e-09,0.004104074,1.9757745918502767e-08,unwelcome,0.017051302,9.799525080289584e-10,0.012277678,1.2694628254844575e-08,slav,0.0020016544,9.304080197253262e-10,0.011451907,6.462841650733964e-09,sexy,NaN,NaN,NaN,NaN,pregnant,0.01776968,5.229081126434387e-10,0.0054224357,1.1338358862911235e-09,single,0.065150075,4.503109551912132e-10,0.0015643537,7.4330316485182735e-09
truthful,0.039912477,7.971328624956087e-09,0.016626015,7.358214981767475e-09,disagreeable,0.045684963,1.3076957919300192e-08,0.006174336,2.4451082721033135e-09,foetal,0.006009266,1.51908145784585e-09,0.013043523,5.76045546679671e-09,young,0.0106557235,1.8470425744432362e-09,0.013889968,1.547980227334378e-08,unsupported,0.040394843,1.3959313566180853e-08,0.03258145,1.891284157062856e-09,auld,0.014493048,9.57034625159725e-10,0.024242133,1.989846440397791e-08
visionary,0.078157,1.4444798135393455e-10,0.03328289,7.803647922299817e-09,disingenuous,0.02976425,1.2671509896922117e-08,0.017249852,8.644025190074345e-09,armoured,0.052423798,1.3199330073376814e-08,0.027326226,8.663245121276475e-10,refined,0.040496245,2.175139153515193e-08,0.021900497,7.493759113241794e-09,embarrassed,0.030864477,1.14517187399521e-09,0.0047138482,7.70625743773401e-09,weaponless,0.014158353,6.07313516143293e-09,0.033545256,2.172632517644102e-08
warmhearted,NaN,NaN,NaN,NaN,perplexed,0.07664372,7.54460710572502e-09,0.0038288832,3.03715110006042e-09,armored,0.016450703,9.235463088730356e-09,0.012612987,8.248439192521523e-09,nude,0.022862121,1.2398468807184315e-08,0.010934196,3.336880799453823e-09,capricious,0.056269325,1.5068353127756229e-09,0.02332987,2.427049308056928e-10,corresponding,0.020449437,9.595579657240005e-09,0.030154338,9.895332317433336e-09
acceptable,0.006149806,2.8089108816686803e-10,0.00281512,3.1672620776079796e-09,agitated,0.0791263,1.9440064280562552e-09,0.014850348,1.1128609311850113e-08,russian,NaN,NaN,NaN,NaN,responsive,0.081628785,2.909047391863595e-09,0.016645998,4.7137382747086676e-09,russian,NaN,NaN,NaN,NaN,married,0.045945458,4.641934420179794e-09,0.013678372,4.958094601548169e-09
fit,0.034910902,5.966062394113791e-09,0.015473057,5.9345298536461755e-09,stagnant,0.01633294,4.796718938715472e-09,0.0065547675,5.0207631732690494e-09,chivalrous,0.023279093,1.2004233537754594e-08,0.0029838793,7.178728174406235e-09,clever,0.036724493,4.7317090523524286e-09,0.022376917,4.6588895241672645e-09,giddy,0.06896196,1.1292836804566164e-09,0.00029593706,5.1756612606812524e-09,anglican,NaN,NaN,NaN,NaN
jubilant,0.0076981634,9.362563779813371e-09,0.03414402,1.9660918101904734e-09,glum,0.041708943,2.5426039771889175e-09,0.0015458949,6.287738728988357e-09,departmental,0.007879078,1.2207555209753362e-08,0.0040603876,4.994411495484741e-09,sensible,0.011853091,1.7791250618570675e-08,0.027075145,3.825303551783371e-09,deaf,0.028699946,8.817771131319763e-10,0.037845984,5.523983423461054e-09,backed,0.057022326,5.560788662872795e-09,0.016188309,1.0852776163861044e-08
playful,0.1003877,2.169269600060808e-08,0.018052913,1.3418930501496451e-08,mindless,0.032505907,4.743109398297474e-09,0.03630133,8.174467491794957e-10,numidian,NaN,NaN,NaN,NaN,valuable,0.06977578,9.834861071367218e-09,0.010421246,8.775316862053018e-09,burlesque,0.0039421916,1.3183038827246918e-09,0.0051900893,1.8413520708193687e-10,sylvan,0.08526964,1.4953817004115244e-08,0.0339848,1.609260378426791e-08
inspiring,0.066517934,4.6018822641435975e-09,0.017403245,3.5390127876844257e-09,resentful,0.0026267767,1.768270474489242e-09,0.013768986,6.203077565491988e-09,burly,0.10594409,2.645914308832542e-09,0.024300328,1.2948531497025684e-08,maiden,0.16570191,0.13424641906092916,0.06335028,0.05090657340371679,chronic,0.02214536,2.2082847758730928e-08,0.00356742,1.0000013400679464e-08,ionian,NaN,NaN,NaN,NaN
sublime,0.06491095,1.720714098984999e-09,0.01892981,4.418179544440903e-09,hypocritical,0.05730515,2.2778981478843718e-10,0.03166198,1.6457033206671023e-08,civil,0.029747032,3.184677827006155e-09,0.021808535,1.289255729952643e-09,alleged,0.042464375,3.400490750093965e-09,0.017216211,1.6047075196423677e-09,agonized,0.026094444,4.505386050346338e-09,0.008394271,7.634851098559103e-09,many,0.012377322,9.748609447468581e-09,0.01635401,1.1071179556454425e-08
consummate,0.05212239,2.9355051028856494e-09,0.023387194,7.10358466493588e-10,stinking,0.016131552,3.963070357938716e-09,0.0116081685,1.793214382539432e-09,electoral,NaN,NaN,NaN,NaN,guiltless,0.02859779,3.164617068396325e-09,0.0043474324,7.29402174770577e-09,unkind,0.075051434,7.359233333836812e-09,0.021749958,3.201731893498483e-09,fertile,0.01341706,6.352200509086164e-09,0.0136641115,3.218600587440168e-09
dignified,0.023757167,3.5967271660997113e-09,0.004170358,1.1625969062456498e-08,phobic,NaN,NaN,NaN,NaN,central,0.006473799,6.674392224667591e-09,0.0041526817,1.529777711450908e-08,suspected,0.011841804,1.0605685690778799e-08,0.005074933,5.7064571123977e-09,sore,0.0071840724,1.2539525134393215e-08,0.0050750226,6.090736803798791e-09,orphaned,0.08868636,7.069874597212533e-09,0.010817975,1.2120449990882243e-08
intelligent,0.0023840219,5.972397409959029e-09,0.024911426,1.1821771395137404e-08,unfaithful,0.011753976,7.270919560875555e-10,0.0153594315,2.740806789858219e-09,british,NaN,NaN,NaN,NaN,russian,NaN,NaN,NaN,NaN,poor,0.07474926,2.3709200158705812e-09,0.0074640512,9.316378613011267e-09,pagan,0.010277666,1.088794694681372e-08,0.010936618,7.576088902061517e-09
smart,0.033853527,5.485779469571739e-09,0.0035107546,1.9781211547248434e-09,menial,0.0253903,8.87216728556739e-09,0.013868712,1.4415447197047015e-08,assistant,0.11085968,8.945654217384913e-09,0.043572173,9.574762954711602e-09,veiled,0.12602153,1.3189530651686043e-08,0.018475316,2.0333683348194853e-09,destructive,0.032341212,1.5131283503944104e-08,0.008153766,1.3521997743737302e-08,european,NaN,NaN,NaN,NaN
clean,0.026783152,1.6299541785724792e-09,0.020772241,5.272627157798526e-09,dissatisfied,0.014776652,8.754049447140533e-09,0.0039946437,3.982420088144423e-09,lutheran,NaN,NaN,NaN,NaN,many,0.012377322,9.748609447468581e-09,0.01635401,1.1071179556454425e-08,naive,0.05971714,1.0653661966508743e-08,0.01188812,4.778574024325022e-09,friendly,0.013214901,3.583566492160184e-09,0.00064014643,1.6187496898467657e-09
ingenious,0.042221084,1.5234941225239496e-09,0.021341732,2.44681700942162e-09,needy,0.011967823,2.8517441602593507e-09,0.0084955245,2.3478754183903217e-10,prospective,0.02542366,8.122801986587547e-09,0.004844986,1.566916726924994e-08,normal,0.018194899,1.0669129635321184e-08,0.0033006892,1.9106525042666966e-09,severe,0.016087696,7.499460219495546e-10,0.020336688,6.053485213097787e-09,burmese,NaN,NaN,NaN,NaN
ardent,0.05928974,1.1981277081574149e-11,0.015100986,3.251899874379127e-09,uneasy,0.056489885,5.284184478870912e-10,0.0079716,3.6735903208295895e-10,racial,0.029557265,1.271403945318772e-08,0.011576619,8.164617253114681e-09,emotional,0.014901057,7.749762109821035e-09,0.0032001138,8.167055809416013e-09,ashamed,0.035374615,1.3523979505714046e-09,0.008575978,4.718694120338374e-09,hittite,NaN,NaN,NaN,NaN
manageable,0.009465445,8.516966541749493e-09,0.021055311,5.431398497623974e-09,unequal,0.04792145,1.402918600734715e-09,0.013885409,4.188768244588192e-09,extra,0.075850986,9.394678687768554e-09,0.038622458,1.228746049353191e-08,lyrical,0.015942533,3.742185117339147e-09,0.014913663,2.2424116175034925e-09,sheltered,0.01990131,9.822346325183418e-09,0.0058480054,4.090112082355546e-09,distant,0.0018027648,7.47941183987244e-09,0.013825603,1.8033093490688046e-09
desirous,0.008417755,7.757018416487682e-09,0.024181932,3.418717309244812e-09,painful,0.040400103,1.131151081135151e-08,0.015670866,7.1547890112544366e-09,latter,0.039384276,8.675394791435309e-09,0.0071682334,5.389889645712742e-09,radiant,0.13633156,3.762938544094041e-09,0.028327158,3.974966777606226e-09,prudish,0.04925829,8.165712946095471e-09,0.019276958,3.812634104261026e-09,vast,0.049490754,6.802080912415853e-09,0.0017796457,7.909849372711442e-09
youthful,0.05452235,1.8875642826543526e-08,0.002696544,2.4829638345380545e-09,erroneous,0.00847736,6.550342018796229e-09,0.033163257,1.1141242275969354e-08,franciscan,0.05964762,1.6884425496632716e-08,0.015561982,2.836920521415154e-09,magic,0.04367575,2.759755229897465e-09,0.010423794,4.086715466034008e-09,dainty,0.08791875,2.4459426872791568e-08,0.052365303,1.0213718620866175e-09,norwegian,NaN,NaN,NaN,NaN
thoughtful,0.025981277,9.51764836387703e-09,0.010405026,1.3296711495747182e-08,guilty,0.013047546,7.771027377145856e-09,0.022332557,3.3462982801379937e-09,eighth,0.00984405,1.7497769400076635e-08,0.006942548,1.3501839299379093e-08,brilliant,0.103685126,3.633261358437778e-09,0.020512007,6.460658202867009e-09,highborn,0.004682593,6.594965271805586e-09,0.015348829,1.263150826991133e-09,next,0.005332269,7.208623017951332e-09,0.031308834,5.7570591627253975e-09
lucky,0.024850652,1.2282159178589325e-09,0.009555697,1.1931283183663766e-09,dreary,0.038267817,6.245626585354991e-10,7.3779374e-05,6.369933018557372e-09,significant,0.04043735,7.186821637805707e-09,0.016066223,6.934326307606042e-09,fond,0.11295123,3.1082738605192617e-09,0.008575596,8.454993233319996e-10,nude,0.022862121,1.2398468807184315e-08,0.010934196,3.336880799453823e-09,scandinavian,NaN,NaN,NaN,NaN
hospitable,0.006404873,7.223303344350285e-10,0.007819485,6.72011945049289e-09,defective,0.0459785,1.2251292147436033e-08,0.013748422,3.573357248987108e-09,hard,0.08408077,2.0504685449562743e-09,0.017727539,2.655388492422972e-09,remarkable,0.033446077,9.816922191818733e-09,0.0058296323,3.644860011031703e-09,egyptian,NaN,NaN,NaN,NaN,overprotective,NaN,NaN,NaN,NaN
skillful,0.053777754,1.6713970013571e-08,0.00043814164,1.8157933013088212e-09,shabby,0.023961067,2.925624211641553e-09,0.010844655,1.6117623694023031e-09,autonomous,NaN,NaN,NaN,NaN,ideal,0.011323888,4.59693307031106e-09,0.012530163,5.7606253517361594e-09,tiny,0.07248949,1.8154519540458658e-08,0.01779541,1.7954845873968672e-09,rural,0.019871302,1.6334621120994708e-08,0.010206906,4.834290648347839e-09
avid,0.015282365,7.586203604106195e-09,0.030138556,8.175230742368811e-09,worn,0.036984816,6.11620504936683e-09,0.01738347,2.6891871247186616e-09,strange,0.013016671,7.69300653735705e-09,0.010964282,3.40952666100236e-09,lesbian,NaN,NaN,NaN,NaN,alleged,0.042464375,3.400490750093965e-09,0.017216211,1.6047075196423677e-09,indian,NaN,NaN,NaN,NaN
enthusiastic,0.00017143786,2.022629008724408e-09,0.009091139,1.4230100361944942e-09,lugubrious,0.0012953505,1.1137609431943751e-08,0.010487556,5.519665224884562e-09,acute,0.027121022,8.458895223162344e-09,0.021257877,7.702027848832671e-09,faithful,0.025173012,3.735081362254977e-09,0.009342166,3.8661378057303075e-09,colonial,0.0012245234,1.145314083850213e-08,0.002510827,1.2098069757798813e-08,dewy,0.057681248,3.892669440258567e-09,0.0036825687,2.0111687273893786e-08
superb,0.019030526,3.1020619128963034e-09,0.005179487,3.3424177037222336e-09,bitter,0.033522516,5.244867706810652e-09,0.003797233,1.7465637436320236e-08,greek,NaN,NaN,NaN,NaN,wicked,0.011346638,3.062705984657743e-09,0.004620184,8.499007597711659e-09,old,0.08615096,1.8739990004235096e-08,0.016468711,1.8660285816540778e-08,later,0.019639537,1.4394681988050273e-08,0.0016926378,1.2940981342079994e-08
obsequious,0.028233461,8.214981542242761e-10,0.003802672,2.60455065848042e-09,unsuccessful,0.08649388,1.736051719047893e-10,0.013302393,2.602000625379075e-09,external,0.03712246,8.538664345025815e-09,0.02987685,1.132833760131291e-08,faultless,0.04264639,3.3476414001976096e-09,0.013063076,1.0619186602972563e-08,obese,0.07613489,2.1155777407688703e-09,0.029297883,1.1812393362065077e-08,uniformed,0.05786024,7.454037387333301e-10,0.014337838,5.604428060523858e-09
constitutional,0.041480824,4.961653227164575e-09,0.014167108,9.146800122872278e-10,confusing,0.07279575,1.4650061344601006e-08,0.018424615,1.197237413375074e-08,muhammadan,NaN,NaN,NaN,NaN,first,0.0022286177,4.106913864543316e-09,0.011231333,1.6664984087144674e-08,indigent,0.007426575,5.235296196559602e-09,0.0016730726,1.0462802388366832e-08,venetian,0.003798619,7.269687740674158e-09,0.0007111132,4.5367917755889664e-10
chief,0.17392403,1.5377400935934205e-08,0.054328516,5.182333118192162e-09,ill,0.014644384,3.823535960068014e-09,0.0040906817,6.386415674075607e-09,gaelic,NaN,NaN,NaN,NaN,authentic,0.068342336,1.4474932426289389e-08,0.004606284,1.2303949113029455e-08,small,0.021070078,3.3353827477711206e-09,0.001294896,1.2112079131321174e-08,benedictine,NaN,NaN,NaN,NaN
victorious,0.025802411,7.324487114046541e-09,0.0024334826,1.7400306889792105e-10,impetuous,0.02190514,4.8656769724431115e-09,0.0032390207,7.6760309219992e-09,present,0.032679133,5.330193994512733e-09,0.0099459365,2.7950097097884097e-09,victorian,NaN,NaN,NaN,NaN,elderly,0.06807064,7.596859918912457e-09,0.016207615,8.908377507887977e-10,shavian,NaN,NaN,NaN,NaN
renowned,0.06325547,3.32159277166566e-09,0.035777874,9.540087816950482e-10,sorrowful,0.07679223,1.1272134503581555e-08,0.013056032,4.133254641325301e-09,uniformed,0.05786024,7.454037387333301e-10,0.014337838,5.604428060523858e-09,bountiful,0.018769924,2.6892832682978707e-09,0.020515472,8.963701725317463e-09,depressed,0.06477977,1.0240997286303788e-08,0.0012035035,2.8782891348111406e-09,wedded,0.08804859,5.773395345132215e-09,0.0074787885,1.2327426135438913e-08
fearless,0.019469887,3.0317188204342926e-09,0.01983758,3.839934523131028e-09,sorry,0.029947873,8.50443748583174e-09,5.4640986e-05,7.1347492271861546e-09,secret,0.016804814,7.293181197853826e-09,0.002102524,7.014584413322922e-09,preeminent,0.004452452,5.715538042849744e-09,0.019501336,1.820507831984397e-08,erroneous,0.00847736,6.550342018796229e-09,0.033163257,1.1141242275969354e-08,eastern,0.01342405,1.4878400751011656e-09,0.0015517771,2.9000012148616694e-09
clever,0.036724493,4.7317090523524286e-09,0.022376917,4.6588895241672645e-09,virulent,0.06596082,4.808040271475633e-09,0.018327452,1.8189528702694524e-08,clerical,0.07678324,9.896675548515255e-09,0.008772001,1.1774630204880454e-08,momentous,0.01399238,1.42607883835133e-09,0.016979512,7.333317571245335e-09,lackadaisical,0.028737882,6.54368240843306e-09,0.019812703,1.270853134012484e-08,prudish,0.04925829,8.165712946095471e-09,0.019276958,3.812634104261026e-09
sleek,0.007758349,5.476749574684359e-09,0.0052190647,2.0238814790740633e-10,absent,0.005676713,1.8879601978993854e-09,0.012737054,7.2381615145999945e-09,putative,0.018247992,1.1362510932144687e-10,0.001901865,2.9557604697139084e-09,splendid,0.019878179,8.330343664875173e-09,0.003858596,2.9750968980057912e-09,frantic,0.0030907989,1.7197065216301155e-08,0.012667522,1.6360914706359253e-08,persian,NaN,NaN,NaN,NaN
heavenly,0.03823322,1.8826383590964113e-08,0.036294736,8.094578896056248e-09,officious,0.020532995,6.7875952081131175e-09,0.025844239,7.806153969752705e-09,parallel,0.056970306,4.830284627138637e-09,0.0018371455,2.9589640529459338e-09,helpful,0.04117018,8.833646120143257e-09,0.014243819,2.448931342435845e-08,distraught,0.019129075,7.182904146474378e-09,0.013498183,6.47700099457027e-09,larval,NaN,NaN,NaN,NaN
sociable,0.014514987,2.2983931945164127e-09,0.020862851,3.3480796607365804e-10,turbulent,0.024071371,8.815862633654303e-09,0.00611639,5.713392148276597e-09,blue,0.07500976,4.238232114870885e-09,0.015115652,8.950395827267421e-09,sympathetic,0.1200479,1.403877764039052e-08,0.017642468,3.8257670920138764e-09,plump,0.03959987,2.291709928770036e-08,0.009432087,7.030353452175397e-10,last,0.020390168,2.9995654848846698e-09,0.004468709,1.8770564824688307e-09
reputable,0.04599926,5.8472272301823836e-09,0.03302145,1.7815285427436045e-09,lawless,0.017128844,9.087099912818974e-09,0.020644672,3.463833178618536e-09,vietnamese,NaN,NaN,NaN,NaN,bright,0.14977771,8.599081008017762e-09,0.012569654,4.5810874885199304e-09,shamed,0.0033410229,6.14120105463245e-09,0.0073139966,8.325510086892862e-09,portly,0.06811414,2.422707708060745e-09,0.005881521,2.248362327914033e-09
healthy,0.04158022,5.3335165034473775e-09,0.015816987,7.478097280300133e-09,horrid,0.015131897,9.28433391603721e-09,0.006031731,3.481238422531341e-09,illustrious,0.038386416,2.0093403281518096e-08,0.007836219,3.706611129139503e-09,fictional,0.008510532,1.0101975794069018e-08,0.020743791,4.994761680643389e-09,painful,0.040400103,1.131151081135151e-08,0.015670866,7.1547890112544366e-09,danish,NaN,NaN,NaN,NaN
talented,0.005061701,3.953723293204092e-09,0.0037323982,3.094446358875569e-09,puzzled,0.042672254,7.096546988938357e-09,0.016789997,1.5264173397477876e-09,delphic,NaN,NaN,NaN,NaN,female,0.03742291,0.20633313853061278,0.02967076,0.07357609582835492,apathetic,0.019037094,1.0007661435662563e-09,0.040239215,4.5848065344245015e-09,macedonian,NaN,NaN,NaN,NaN
lustrous,0.03990349,6.861700756199962e-09,0.0046499595,7.579474742280823e-09,angry,0.02698803,3.4936668419360828e-09,0.023487069,1.1383959316879633e-08,grey,0.025908582,4.607895162656028e-09,0.000357233,1.998668383573765e-09,unconventional,0.022284303,5.689004892173166e-09,0.023972433,7.547320206302555e-09,unhealthy,0.012107201,1.1909638511498066e-08,0.005300196,4.795860375494954e-10,recent,0.00039231777,1.849658259889253e-09,0.00801041,1.278984618213741e-08
true,0.004280746,1.2463746701385503e-10,0.0105609745,5.40899519618776e-09,indifferent,0.016432695,1.7326128171069044e-09,0.006153345,2.176869920433866e-09,reliant,0.030279338,8.299288770108326e-09,0.012276298,4.219453556518482e-09,withered,0.06934684,2.7207329722500617e-09,0.026279557,3.528911038386262e-09,neglectful,0.005615752,9.556309431280052e-09,0.022133347,5.262252220777919e-09,christian,0.031717055,2.0380055976154665e-09,0.0044482797,1.4612418386406034e-08
beneficial,0.0005070083,4.594851901740249e-09,0.014329523,6.971601324012866e-09,offensive,0.055299144,2.819572395007519e-09,0.0029616104,7.08791008090931e-09,cardinal,0.06483219,7.150322972604428e-09,0.010324016,8.46040199009579e-09,pregnant,0.01776968,5.229081126434387e-10,0.0054224357,1.1338358862911235e-09,extravagant,0.02832584,4.410394188747446e-09,0.0037578791,6.236732408293477e-09,brazilian,NaN,NaN,NaN,NaN
humorous,0.015732005,3.6437960981849926e-10,0.0002604723,8.713142984895228e-10,apprehensive,0.00433968,1.1174320274642824e-08,0.010729983,8.253301431171423e-09,joint,0.07050841,1.2414700378826637e-09,0.002460137,7.574989212277838e-09,greek,NaN,NaN,NaN,NaN,unattractive,0.021498933,9.574969449255288e-09,0.023076132,1.1069723082623995e-08,swiss,NaN,NaN,NaN,NaN
remarkable,0.033446077,9.816922191818733e-09,0.0058296323,3.644860011031703e-09,immoral,0.028876238,2.7263163115964772e-09,0.008063085,6.054225423074433e-09,tributary,0.012371389,1.1598037761087476e-08,0.016517144,7.597148334037573e-09,tempting,0.022850424,6.979867170353593e-09,0.010171089,1.850746257636704e-09,defective,0.0459785,1.2251292147436033e-08,0.013748422,3.573357248987108e-09,austrian,NaN,NaN,NaN,NaN
intimate,0.0010445621,4.318444997430948e-09,0.0053215735,1.0784003551256305e-08,frightful,0.0040891245,2.0830429482004975e-09,0.011353783,2.37688359619459e-08,patriarchal,0.048596498,8.719738958662404e-09,0.00538449,2.1194538346591685e-09,artificial,0.008076869,7.619233105549128e-09,0.027987279,1.4003867440659512e-08,dissatisfied,0.014776652,8.754049447140533e-09,0.0039946437,3.982420088144423e-09,mammalian,NaN,NaN,NaN,NaN
vivid,0.038336046,1.3483999056207452e-08,0.0077514723,4.906074255184301e-09,uncomfortable,0.0402548,3.337002896230956e-11,0.0065191165,5.813586695380124e-10,obsequious,0.028233461,8.214981542242761e-10,0.003802672,2.60455065848042e-09,british,NaN,NaN,NaN,NaN,several,0.042696223,6.890974790785265e-09,0.021807894,1.3531262110788589e-08,tibetan,NaN,NaN,NaN,NaN
diligent,0.032192633,6.865090329544188e-09,0.00044314563,1.1075870193222315e-08,obnoxious,0.08059217,2.024525547206224e-10,0.002113184,6.841504585075597e-10,unjust,0.0033851415,6.4144163036683466e-09,0.0061650425,4.154836460990019e-09,great,0.04819887,1.4403054082734457e-08,0.0055264384,9.959057883923705e-09,disadvantaged,NaN,NaN,NaN,NaN,babylonian,NaN,NaN,NaN,NaN
productive,0.023109235,9.495574576634525e-09,0.002334565,5.325045016046914e-09,lowly,0.02634409,1.7945411380851373e-08,0.035181887,3.1272119754843786e-09,former,0.021719277,1.197864601953924e-08,0.013731003,1.13830093684264e-08,marriageable,0.14478646,2.038119652214565e-08,0.002523847,6.580944081346907e-09,weak,0.057903875,8.321638440833556e-09,0.021865882,1.8185255801217437e-09,bavarian,NaN,NaN,NaN,NaN
credible,0.033163548,8.086207259339062e-10,0.0069281263,7.155867245978165e-09,conflicting,0.038759366,1.2484922096156481e-08,0.039057285,1.6925757184704793e-09,despotic,0.06716345,5.105445857744861e-09,0.009260759,5.560146315586323e-09,sociable,0.014514987,2.2983931945164127e-09,0.020862851,3.3480796607365804e-10,nubile,NaN,NaN,NaN,NaN,fickle,0.0194421,1.1646232996216643e-08,0.007967234,5.0673952534108224e-09
intelligible,0.013557136,8.51731585260751e-09,0.0021520406,1.92070710725023e-09,sarcastic,0.025414556,2.6186002255457197e-09,0.014851168,1.2666828697049937e-09,landless,0.024538534,7.595187653613132e-09,0.0067539257,1.6676097447376748e-08,intriguing,0.019589365,2.5043441487238027e-09,0.008445401,2.365633161582892e-09,dowdy,0.0208273,8.153726423210106e-09,0.021624774,6.870437219141934e-09,postmenopausal,NaN,NaN,NaN,NaN
praiseworthy,0.026663609,8.586980765334928e-09,0.014737467,4.757865219862101e-09,lackadaisical,0.028737882,6.54368240843306e-09,0.019812703,1.270853134012484e-08,hereditary,0.041984797,6.92253715461888e-09,0.003544502,1.0549878928789447e-08,dignified,0.023757167,3.5967271660997113e-09,0.004170358,1.1625969062456498e-08,virginal,0.14831957,6.924527617968579e-10,0.04557325,4.92789339889832e-09,suspected,0.011841804,1.0605685690778799e-08,0.005074933,5.7064571123977e-09
delighted,0.08108856,5.634253993913596e-09,0.00042090006,1.9247454248472184e-08,unlucky,0.040282845,3.3516292640561884e-09,0.010335624,1.0778643325104476e-09,stalwart,0.031701557,3.011190616297732e-09,0.0388142,7.244522863547598e-09,enthusiastic,0.00017143786,2.022629008724408e-09,0.009091139,1.4230100361944942e-09,winsome,0.0873942,4.0376998862445834e-09,0.027414039,2.371503209086523e-09,hawaiian,NaN,NaN,NaN,NaN
opportune,0.0037173778,4.1142838858032604e-09,0.0012903139,4.50112651317891e-09,tortured,0.029847752,2.707613688812671e-09,0.014604077,1.7807817748183297e-08,armenian,NaN,NaN,NaN,NaN,real,0.025907723,4.017622590515857e-09,0.031370766,5.827610158326557e-09,classical,0.018789604,2.0057175365018054e-09,0.009771273,2.271020024813275e-09,charming,0.17963111,3.121403679973156e-08,0.042268522,1.322958731453383e-08
mathematical,0.022556104,8.348833138716039e-09,0.022838563,1.8017933797742636e-08,unwanted,0.02701822,5.8586484552591855e-09,0.018225446,2.375924706976562e-09,drunken,0.12500302,1.732453554659924e-08,0.04195692,6.6591963384515784e-09,protective,0.023971751,8.4904357988691e-09,0.001623366,1.1056197633634024e-08,domestic,0.0034953672,1.61727729819372e-09,0.010338895,7.273860680445665e-11,sumerian,NaN,NaN,NaN,NaN
hereditary,0.041984797,6.92253715461888e-09,0.003544502,1.0549878928789447e-08,vociferous,0.03597117,8.099752417389805e-09,0.015475851,1.2588382648781593e-08,main,0.06399384,1.1051058887434628e-08,0.008597381,2.9174317683899886e-09,willing,0.006096013,7.733927775976923e-09,0.01245597,6.963272930482489e-09,unimaginable,0.017233161,7.655224475155986e-09,0.010056717,1.3526531318641677e-09,creole,0.014776824,3.6268409768502874e-09,0.009305367,1.3819509907947447e-08
invincible,0.02720673,1.5554065396772287e-09,0.012347083,6.907128214869718e-09,disorganized,0.032277573,6.517646422565804e-10,0.018112104,9.021661365876676e-09,finnish,NaN,NaN,NaN,NaN,sublime,0.06491095,1.720714098984999e-09,0.01892981,4.418179544440903e-09,offended,0.018281173,3.7201722833735736e-09,0.007687114,4.399562165968707e-09,italian,NaN,NaN,NaN,NaN
main,0.06399384,1.1051058887434628e-08,0.008597381,2.9174317683899886e-09,shaky,0.054368425,5.424794655151111e-09,0.030957863,3.9365384649908686e-09,egyptian,NaN,NaN,NaN,NaN,consummate,0.05212239,2.9355051028856494e-09,0.023387194,7.10358466493588e-10,motherless,0.13428952,1.1059126663048868e-08,0.001984112,9.344060393490228e-09,feudatory,NaN,NaN,NaN,NaN
favorite,0.016004575,8.457814344720038e-09,0.017517395,3.0444864025647167e-09,culpable,0.0029683784,8.352811470269117e-09,0.02286268,4.753866744700019e-09,solar,0.038101174,5.512768658233469e-09,0.0021227375,9.293107136251755e-09,coherent,0.02121929,1.0022864104647367e-08,0.010332998,1.3893091094230314e-08,former,0.021719277,1.197864601953924e-08,0.013731003,1.13830093684264e-08,wagnerian,NaN,NaN,NaN,NaN
handsome,0.022246087,1.188181813919012e-08,0.0016323905,3.6151162272068937e-09,muddy,0.040647082,1.7874246777127567e-08,0.008459812,1.7542658770075548e-08,provincial,0.04072772,7.925591710700175e-10,0.020481223,8.191561207127052e-09,praiseworthy,0.026663609,8.586980765334928e-09,0.014737467,4.757865219862101e-09,pert,0.06980441,2.200217046315761e-09,0.010811087,2.678730216809644e-09,mediterranean,NaN,NaN,NaN,NaN
invulnerable,0.0004999209,3.2115946985156185e-09,0.028526671,1.447268475202046e-09,suspect,0.00082815497,6.3675297933690755e-09,0.011645205,3.899832914933121e-09,own,0.0011517406,8.246643534715048e-09,0.025662795,1.9237948734041055e-09,monumental,0.04461689,7.555207078013826e-09,0.0032581761,1.0250520460219903e-08,sentimental,0.043351717,7.104252464085192e-09,0.028459538,5.997085047310113e-09,simultaneous,0.009333484,3.2376531039490786e-09,0.019267552,7.375540952286874e-09
flawless,0.0469908,6.799288972125783e-09,0.0023052096,9.231241026794179e-09,shocking,0.06541622,3.178399987646685e-09,0.023270367,1.5673577158370477e-08,northern,0.0007409677,5.345689169100609e-11,0.015150011,1.3113716113011264e-08,positive,0.014359094,2.6571555095111776e-09,0.007165335,1.238566443850786e-08,beauteous,0.08500314,6.114844339211167e-09,0.0047638416,1.182073079697421e-08,foetal,0.006009266,1.51908145784585e-09,0.013043523,5.76045546679671e-09
festive,0.0651915,3.1929698329768996e-09,0.03173648,1.6756733833833692e-08,mathematical,0.022556104,8.348833138716039e-09,0.022838563,1.8017933797742636e-08,evangelical,0.015460759,8.173942800393519e-09,0.025390029,1.9123312655633384e-09,perfect,0.06015019,7.367193667617844e-09,0.04860431,9.730048683431747e-09,stately,0.030003518,9.259518249371546e-09,0.017518688,1.5174388801053595e-08,primordial,0.026667174,1.1004976610551331e-08,0.035362177,1.4619005797578133e-09
auspicious,0.0012719557,5.089198902574754e-09,0.01519464,2.28915891797854e-09,electronic,0.05457242,2.316130842672237e-09,0.002101209,4.797644323484285e-09,theban,NaN,NaN,NaN,NaN,outstanding,0.09850476,7.119951691728988e-09,0.025832068,2.550212437057997e-09,improper,0.009282071,8.403110034194139e-09,0.006345853,7.318603514883115e-09,arabian,NaN,NaN,NaN,NaN
magnificent,0.0018443093,1.2863175802291238e-10,0.017037079,1.3420111584505623e-08,corrupt,0.0099290535,8.35187820291683e-09,0.015338585,2.023813047702383e-09,earthly,0.007938739,1.2400939226886454e-08,0.023288935,4.39865323331734e-09,adequate,0.042360604,2.125598308477805e-09,0.00499928,5.970823141465686e-10,imperious,0.05189518,1.8530498524516048e-09,0.009426996,1.2602372562176e-08,carmelite,0.085842416,8.389076100456805e-10,0.0070629567,1.3306618341923926e-08
wholesome,0.058160417,2.7981318928560484e-09,0.03927896,4.501416097507649e-10,errant,0.019275289,7.574680271904555e-09,0.030717552,2.073169400040875e-09,legal,0.10858047,3.9121078598824965e-10,0.0067781955,1.921763490009276e-08,gifted,0.0059449486,5.887483389699355e-09,0.036728017,6.440361313697629e-09,uniformed,0.05786024,7.454037387333301e-10,0.014337838,5.604428060523858e-09,georgian,NaN,NaN,NaN,NaN
selective,NaN,NaN,NaN,NaN,damned,0.10085794,2.067995949484036e-08,0.017761126,3.0379953552817085e-09,coloured,0.09045178,2.2900674499087836e-08,0.051854283,1.294381062055816e-08,coy,0.0540791,5.100551633829831e-09,0.0067471713,4.700450029204717e-10,lovely,0.23058592,1.775305252804671e-08,0.06292345,7.868367943308918e-09,untested,0.004577212,1.9101700082790884e-09,0.011429235,1.952545143624196e-08
entertaining,0.03700539,2.4890268977839636e-09,0.007258907,5.9833022425515026e-09,retired,0.042238533,1.589314219119231e-08,0.005148411,1.0612261208686746e-08,soviet,NaN,NaN,NaN,NaN,captivating,0.10378004,1.6592500665102428e-08,0.03104423,1.643856092220508e-08,sneaky,0.02341609,4.327953051497246e-09,0.002205789,8.507811233293694e-09,feathery,0.034843497,7.772870867783777e-09,0.014775854,5.959028652469112e-10
propitious,0.029975893,4.727882437112474e-09,0.0042147515,2.1678719867856966e-08,difficult,0.018678784,9.129507816396654e-09,0.016780168,4.3148709882867564e-09,proclaimed,0.041523278,5.696125349174963e-09,0.039803877,1.3713434193762808e-08,highborn,0.004682593,6.594965271805586e-09,0.015348829,1.263150826991133e-09,stiff,0.026611157,7.364558837763546e-09,0.009319663,7.321528688875034e-09,regnant,0.0017828317,8.710258582109165e-09,0.0007549515,6.614609193711374e-09
comfortable,0.04531582,1.9549901985466134e-08,0.018552259,7.77141326291364e-09,uncontrolled,0.031149317,6.310118212671245e-09,0.0036733625,1.6184385221969591e-09,distinctive,0.010750063,5.0622595004767845e-09,0.0024198461,6.578699383863462e-09,prudish,0.04925829,8.165712946095471e-09,0.019276958,3.812634104261026e-09,tuberculous,0.07197036,1.6333705044752067e-08,0.014151853,1.1216075262998615e-08,previous,0.016946666,5.444606210325276e-09,0.010378376,3.6458619040447005e-09
temporal,0.038114227,4.989957821943669e-09,0.038212404,8.812887086762089e-10,destructive,0.032341212,1.5131283503944104e-08,0.008153766,1.3521997743737302e-08,unitary,NaN,NaN,NaN,NaN,lofty,0.013233624,4.800647393499169e-09,0.00850185,1.7085971741603867e-08,undesirable,0.043445893,2.67155263883323e-09,0.023334753,2.1595105703653417e-09,dizzy,0.06502727,4.1789224858312934e-09,0.006050721,2.6448873508000403e-09
patient,0.053125143,9.858884320035344e-09,0.015714288,5.758823140578073e-09,sad,0.13090073,1.5742035773883e-08,0.0026958361,2.001880420113289e-09,elective,0.08253324,1.6835492444577937e-08,0.015014645,1.2537612892327132e-09,orphaned,0.08868636,7.069874597212533e-09,0.010817975,1.2120449990882243e-08,shameless,0.013579793,6.401001118039318e-09,0.011584362,3.6025361097036246e-09,classy,0.02831028,9.051087833215898e-09,0.0032275147,7.429961975530253e-09
legendary,0.003928803,7.315674815933093e-09,0.008201439,3.2347279438349474e-09,pessimistic,0.0055445265,8.869990950066686e-09,0.020231582,2.624419931374078e-09,apostolic,0.033366375,1.7667621012018575e-10,0.005747065,2.9176002308561877e-09,feminist,0.006310478,3.590892000415735e-09,0.0009030048,5.936650355337081e-09,unfit,0.0114287045,9.169402230557733e-09,0.009401582,1.787741635284057e-09,unimaginable,0.017233161,7.655224475155986e-09,0.010056717,1.3526531318641677e-09
divine,0.0455579,2.638477908378789e-09,0.029900312,5.166908151332805e-10,neurotic,0.018236246,8.725124369529658e-09,0.02716581,2.0342098092790417e-09,previous,0.016946666,5.444606210325276e-09,0.010378376,3.6458619040447005e-09,irreproachable,0.022423618,7.344422070509893e-09,0.026255116,8.435720122434986e-09,tawdry,0.056805074,9.85772323318368e-09,0.022341352,8.169477663799718e-09,spanish,NaN,NaN,NaN,NaN
supportive,NaN,NaN,NaN,NaN,scornful,0.03561879,2.844785310096576e-09,0.00064891577,4.380518558999569e-09,false,0.0066533014,2.6561380178646843e-09,0.00932204,3.3421141271139376e-09,seductive,0.07845218,2.18784963756935e-09,0.03667017,1.2215118864317143e-08,unprepared,0.06452552,5.1607162432354414e-09,0.006148167,1.1784801287606506e-08,prolific,0.00587523,2.2647909436734892e-08,0.019638106,1.9834697495557663e-09
proud,0.061217032,6.35139328630796e-09,0.0010398217,5.991303245189705e-09,apathetic,0.019037094,1.0007661435662563e-09,0.040239215,4.5848065344245015e-09,brutal,0.012897626,6.148354741997153e-09,0.03069675,4.856981067336008e-09,fantastic,0.045557603,5.157571932035143e-09,0.035509326,4.040623273471322e-09,uneasy,0.056489885,5.284184478870912e-10,0.0079716,3.6735903208295895e-10,western,0.0010902472,4.3037154257019594e-09,0.009557638,1.1538027269719642e-08
nimble,0.0068161488,8.625014431828948e-09,0.016055914,9.890735078177393e-09,ashamed,0.035374615,1.3523979505714046e-09,0.008575978,4.718694120338374e-09,astrological,0.057861734,5.664877351929665e-09,0.022738695,1.64414993009121e-08,clean,0.026783152,1.6299541785724792e-09,0.020772241,5.272627157798526e-09,distressing,0.03229128,3.965366174307761e-09,0.014650546,1.5111609533158266e-09,grecian,NaN,NaN,NaN,NaN
affectionate,0.1247474,5.054188317865638e-09,0.0235993,1.1855779094571695e-08,unkind,0.075051434,7.359233333836812e-09,0.021749958,3.201731893498483e-09,distant,0.0018027648,7.47941183987244e-09,0.013825603,1.8033093490688046e-09,entertaining,0.03700539,2.4890268977839636e-09,0.007258907,5.9833022425515026e-09,tragical,0.023931406,4.885074289529001e-10,0.00089369714,3.938585301215686e-09,draped,0.08313738,3.3746780370158547e-10,0.034365825,5.679660498858485e-09
chic,0.03326019,5.6669941343734376e-09,0.014564235,1.0374156651782318e-08,irrational,0.00044448674,7.201797630473905e-09,0.009332508,1.0036503572674604e-09,normal,0.018194899,1.0669129635321184e-08,0.0033006892,1.9106525042666966e-09,beneficent,0.010350063,8.843487789289561e-09,0.0013910905,5.436125743996101e-09,dreary,0.038267817,6.245626585354991e-10,7.3779374e-05,6.369933018557372e-09,disdainful,0.045207225,1.2767360418886042e-08,0.008565601,5.509665640390793e-10
intellectual,0.07997488,1.2838576313178862e-09,0.02954179,2.2059156168374727e-09,unlawful,0.040068395,6.52012467627916e-09,0.024577497,2.465156301312277e-09,successive,0.018858656,1.3862809802867027e-08,0.0094487965,3.3615500660832964e-09,classic,0.023361318,1.908054170218776e-08,0.037972495,1.012759925922424e-08,blond,0.04626605,4.995265999452325e-09,0.0006124892,6.894853146754976e-09,regular,0.06433155,2.152930905080508e-08,0.008340187,2.2218042905475244e-08
peaceful,0.058572344,8.451247129198647e-09,0.0057810154,1.896440480347872e-09,wrongful,NaN,NaN,NaN,NaN,popular,0.052143995,1.6434496125095066e-11,0.0074919052,2.8716838195580463e-10,mindful,0.041680507,2.836376911119487e-09,0.0035419688,8.7414826627219e-09,dire,0.0018876716,6.78915865193197e-09,0.019479621,1.0374435192861409e-08,unpromising,0.022821635,6.472480559979385e-09,0.01126723,3.270870282956473e-09
bright,0.14977771,8.599081008017762e-09,0.012569654,4.5810874885199304e-09,sore,0.0071840724,1.2539525134393215e-08,0.0050750226,6.090736803798791e-09,elizabethan,NaN,NaN,NaN,NaN,estimable,0.005492954,4.00710581556496e-09,0.012299933,2.0846734061219507e-10,fearful,0.03532408,5.274220504780658e-09,0.011207432,1.1385074688563535e-09,fat,0.097342506,9.936171243424274e-09,0.038367055,8.765092540663488e-10
preeminent,0.004452452,5.715538042849744e-09,0.019501336,1.820507831984397e-08,papal,0.0057652406,1.1517351933276743e-09,0.02707981,2.213146395313448e-09,mediaeval,0.014816269,3.642910056944615e-09,0.0006721467,1.6806867841889783e-09,darling,0.15046977,8.914751839506074e-09,0.022616927,8.875719326173481e-09,unwanted,0.02701822,5.8586484552591855e-09,0.018225446,2.375924706976562e-09,couchant,0.04714743,8.260619549504966e-10,0.0026251283,7.707001890844278e-09
impartial,0.03325638,3.4506182980398314e-09,0.0053529814,5.378534904346838e-09,henpecked,0.07694978,1.512705072315157e-09,0.026372261,1.0379197501464432e-13,mere,0.014772445,1.3980587243445086e-09,0.025320526,8.907721903844701e-09,luminous,0.043689415,4.695582200842097e-09,0.025260687,3.0238872924734372e-09,puny,0.06775286,9.322336624872918e-09,0.013528017,1.812451086088962e-08,same,0.0012542233,4.083088311901406e-10,0.018805012,2.8417955488801994e-10
harmonious,0.045544606,1.559584061200381e-08,0.004156679,6.215141179488626e-10,international,0.039129585,3.605406875828443e-10,0.028069116,4.074906150355884e-09,irish,0.011189004,5.68005437996677e-09,0.00032678992,7.837950913303082e-09,acceptable,0.006149806,2.8089108816686803e-10,0.00281512,3.1672620776079796e-09,orphaned,0.08868636,7.069874597212533e-09,0.010817975,1.2120449990882243e-08,allegorical,0.055730276,5.063241825808973e-09,0.00919389,1.2568915075394926e-09
constructive,0.00012490153,1.1048855871886865e-08,0.0067212507,4.513891437712969e-09,rough,0.10146694,2.6450966139623944e-09,0.0015939893,1.2937196973428211e-08,slain,0.050513774,1.4830580569169527e-08,0.004533559,2.0995876731655372e-08,charitable,0.023057334,7.2990594679467335e-09,0.010744881,1.3631821550036394e-08,immoral,0.028876238,2.7263163115964772e-09,0.008063085,6.054225423074433e-09,menopausal,NaN,NaN,NaN,NaN
healthful,0.022001714,1.2904506362793056e-08,0.010163061,2.72354280794751e-09,unhappy,0.12712857,2.1384195816875895e-08,0.0067656115,1.1506575428588128e-08,essential,0.029549008,2.5423801813806435e-09,0.0027056206,1.0801435579299579e-09,tidy,0.010743387,4.126410102500699e-09,0.037642717,6.037213284848519e-09,frightful,0.0040891245,2.0830429482004975e-09,0.011353783,2.37688359619459e-08,sentimental,0.043351717,7.104252464085192e-09,0.028459538,5.997085047310113e-09
gracious,0.10219663,1.3197517412244508e-08,0.003463,2.580582969535783e-11,unfortunate,0.008306284,1.1228822819481232e-10,0.012246918,1.705679183311437e-08,able,0.011931609,8.482306700779985e-09,0.016340978,1.1051450518606565e-09,amicable,0.0054687206,3.301203612554593e-09,0.01182444,8.513961834155648e-09,neglected,0.027857184,1.0032517039348932e-09,0.013499558,9.484362489819986e-09,only,0.005136907,7.544242452972583e-10,0.010362148,2.05781663098481e-08
secure,0.00013555586,1.0385698245851671e-08,0.0140911825,6.615652692332219e-09,lost,0.019444924,8.348026804549935e-09,0.013608955,1.625755224887726e-10,ethiopian,NaN,NaN,NaN,NaN,delighted,0.08108856,5.634253993913596e-09,0.00042090006,1.9247454248472184e-08,grand,0.078096926,4.398812744610403e-09,0.03930276,5.286210642829747e-09,theatrical,0.036539324,1.3956136996062796e-08,0.00273934,7.83177653285172e-09
pleasing,0.08428417,6.749798248106842e-09,0.01458529,2.626774499303597e-09,worried,0.05747885,7.122766682021719e-10,0.002135843,2.4859308223046384e-09,bulgarian,NaN,NaN,NaN,NaN,veritable,0.054726083,1.3513389851560476e-09,0.0061563402,1.40669637310048e-08,lowly,0.02634409,1.7945411380851373e-08,0.035181887,3.1272119754843786e-09,hindu,NaN,NaN,NaN,NaN
cheerful,0.08196499,1.3653767241827985e-08,0.02639509,2.1654878654131515e-09,mournful,0.122982085,2.9483117419681903e-08,0.02068954,1.736813458330655e-08,detached,0.007370528,4.091261687072523e-09,0.0017507672,8.285562159981996e-09,friendly,0.013214901,3.583566492160184e-09,0.00064014643,1.6187496898467657e-09,frailer,0.06318942,5.960784733860525e-09,0.00557369,1.429416006393236e-08,african,NaN,NaN,NaN,NaN
manorial,0.023464551,1.3150228299514677e-08,0.013954684,1.7713679995035037e-08,troubled,0.070561625,5.3938776500839225e-09,0.00022549182,7.831269507874161e-09,oppressed,0.084401965,1.1042915991354985e-09,0.0035238434,3.47194068633927e-10,youthful,0.05452235,1.8875642826543526e-08,0.002696544,2.4829638345380545e-09,jewelled,0.0012685433,4.551717711076542e-09,0.040411033,5.885235646041487e-09,southern,0.0019830912,2.8950823960371963e-09,0.018992793,6.187987670880357e-09
acute,0.027121022,8.458895223162344e-09,0.021257877,7.702027848832671e-09,insolvent,0.07410492,1.453882070290291e-09,0.023438487,5.700557421939312e-09,alcoholic,0.025956001,4.38743285105514e-09,0.026106972,1.5158551497362893e-10,dizzy,0.06502727,4.1789224858312934e-09,0.006050721,2.6448873508000403e-09,dowerless,NaN,NaN,NaN,NaN,thyrotoxic,NaN,NaN,NaN,NaN
christian,0.031717055,2.0380055976154665e-09,0.0044482797,1.4612418386406034e-08,crooked,0.1027015,3.361937681370386e-09,0.011077205,8.551912166268605e-09,ample,0.0038863271,1.8113115216045195e-08,0.013472531,2.9778236924904444e-09,senior,0.13937005,9.806346373819608e-09,0.06402755,1.621032638676745e-08,coy,0.0540791,5.100551633829831e-09,0.0067471713,4.700450029204717e-10,inhibited,0.004342024,1.0716667005195024e-08,0.0038868785,1.063494029646117e-08
mechanical,0.02247186,3.824812550012879e-09,0.028598897,3.4161040662894493e-10,drunken,0.12500302,1.732453554659924e-08,0.04195692,6.6591963384515784e-09,punctual,0.02783975,5.6162501177459134e-09,0.044312477,2.6639795230876118e-09,petite,0.034943458,4.622666035115214e-09,0.001138188,7.38103665687273e-09,conventional,0.023317233,1.281354733428941e-08,0.01996097,5.7134156572491435e-09,peruvian,NaN,NaN,NaN,NaN
famous,0.0797787,2.5823715804618175e-09,0.030381506,3.1674725828323425e-09,miserable,0.07973455,4.0988034979982935e-09,0.0019973265,1.5403156820772285e-08,rigid,0.039111197,7.126535750412444e-10,0.019110821,1.0776356931807562e-08,giddy,0.06896196,1.1292836804566164e-09,0.00029593706,5.1756612606812524e-09,antiquated,0.03768874,8.068747850420444e-09,0.028222002,1.0262415084394405e-08,classical,0.018789604,2.0057175365018054e-09,0.009771273,2.271020024813275e-09
significant,0.04043735,7.186821637805707e-09,0.016066223,6.934326307606042e-09,terrible,0.012149952,2.141308998171443e-09,0.007272601,1.1098020946676002e-08,top,0.041544903,1.7302058744061988e-09,0.025542982,1.2354883026366448e-08,stylish,0.058975883,8.105901658228554e-09,0.02001112,4.070983106174708e-09,radioactive,0.0012105629,3.1675718506485318e-09,0.012422534,4.980343602800641e-09,numerous,0.023803033,8.499158600863699e-09,0.013332941,2.844610991203922e-09
illustrious,0.038386416,2.0093403281518096e-08,0.007836219,3.706611129139503e-09,helpless,0.09655088,9.184493041103359e-09,0.007734567,1.8167604490249012e-08,trivial,0.0070451796,9.986562882202676e-09,0.016598549,1.6851621445490572e-08,compassionate,0.07093106,1.0810460970844815e-08,0.046998933,5.512196948886938e-09,runaway,0.056385368,3.777618537426086e-09,0.014114372,6.757624168574061e-09,south,0.0062904777,1.4545943968422015e-08,0.024977222,8.951099583764943e-11
hardy,0.02294454,1.124063481183768e-08,0.02157789,8.461745533427933e-09,naive,0.05971714,1.0653661966508743e-08,0.01188812,4.778574024325022e-09,fraternal,0.018229235,0.004319345207834273,0.011495556,0.006263490933979697,fortunate,0.014337905,1.8102979948420028e-09,0.023986124,7.232963547543214e-09,matronly,0.1246199,1.4447407832574033e-08,0.01863392,6.3850090006867255e-09,doric,NaN,NaN,NaN,NaN
